-- phpMyAdmin SQL Dump
-- version 4.7.0
-- https://www.phpmyadmin.net/
--
-- Host: 127.0.0.1
-- Generation Time: May 22, 2020 at 10:53 PM
-- Server version: 10.1.26-MariaDB
-- PHP Version: 7.1.8

SET SQL_MODE = "NO_AUTO_VALUE_ON_ZERO";
SET AUTOCOMMIT = 0;
START TRANSACTION;
SET time_zone = "+00:00";


/*!40101 SET @OLD_CHARACTER_SET_CLIENT=@@CHARACTER_SET_CLIENT */;
/*!40101 SET @OLD_CHARACTER_SET_RESULTS=@@CHARACTER_SET_RESULTS */;
/*!40101 SET @OLD_COLLATION_CONNECTION=@@COLLATION_CONNECTION */;
/*!40101 SET NAMES utf8mb4 */;

--
-- Database: `dysumar`
--

-- --------------------------------------------------------

--
-- Table structure for table `carrito_items`
--

CREATE TABLE `carrito_items` (
  `id` bigint(20) NOT NULL,
  `cantidad` int(11) NOT NULL,
  `codigo` varchar(10) COLLATE utf8_spanish_ci DEFAULT NULL,
  `descuento` double NOT NULL,
  `margen` double NOT NULL,
  `precio` double NOT NULL,
  `status` bit(1) NOT NULL,
  `cotizacionid_id` bigint(20) DEFAULT NULL,
  `productos_idp` bigint(20) DEFAULT NULL
) ENGINE=InnoDB DEFAULT CHARSET=utf8 COLLATE=utf8_spanish_ci;

--
-- Dumping data for table `carrito_items`
--

INSERT INTO `carrito_items` (`id`, `cantidad`, `codigo`, `descuento`, `margen`, `precio`, `status`, `cotizacionid_id`, `productos_idp`) VALUES
(1, 20, '494xxx', 1, 50, 56.12, b'1111111111111111111111111111111', 1, 1),
(2, 20, '273xxx', 1, 50, 56.12, b'1111111111111111111111111111111', 2, 1),
(3, 30, '653xxx', 1, 50, 1.28, b'1111111111111111111111111111111', 2, 3);

-- --------------------------------------------------------

--
-- Table structure for table `categorias`
--

CREATE TABLE `categorias` (
  `id` bigint(20) NOT NULL,
  `nombre` varchar(40) COLLATE utf8_spanish_ci DEFAULT NULL
) ENGINE=InnoDB DEFAULT CHARSET=utf8 COLLATE=utf8_spanish_ci;

--
-- Dumping data for table `categorias`
--

INSERT INTO `categorias` (`id`, `nombre`) VALUES
(1, 'No definido'),
(2, 'Offina'),
(3, 'Herramientas');

-- --------------------------------------------------------

--
-- Table structure for table `categoria_giro`
--

CREATE TABLE `categoria_giro` (
  `id` bigint(20) NOT NULL,
  `nombre` varchar(255) COLLATE utf8_spanish_ci DEFAULT NULL
) ENGINE=InnoDB DEFAULT CHARSET=utf8 COLLATE=utf8_spanish_ci;

--
-- Dumping data for table `categoria_giro`
--

INSERT INTO `categoria_giro` (`id`, `nombre`) VALUES
(1, 'AGRICULTURA, GANADERÍA, SILVICULTURA Y PESCA'),
(2, 'EXPLOTACIÓN DE MINAS Y CANTERAS'),
(3, 'INDUSTRIAS MANUFACTURERAS'),
(4, 'ELABORACIÓN DE BEBIDAS'),
(5, 'ELABORACIÓN DE PRODUCTOS DE TABACO'),
(6, 'FABRICACIÓN DE PRODUCTOS TEXTILES'),
(7, 'FABRICACIÓN DE PRENDAS DE VESTIR'),
(8, 'FABRICACIÓN DE CUEROS Y PRODUCTOS CONEXOS'),
(9, 'FABRICACIÓN DE PAPEL Y DE PRODUCTOS DE PAPEL'),
(10, 'IMPRESIÓN Y REPRODUCCIÓN DE GRABACIONES'),
(11, 'CONSTRUCCIÓN'),
(12, 'SUMINISTROS DE ELECTRICIDAD, GAS, VAPOR Y AIRE ACONDICIONADO');

-- --------------------------------------------------------

--
-- Table structure for table `cdepago`
--

CREATE TABLE `cdepago` (
  `id` bigint(20) NOT NULL,
  `nombre` varchar(255) COLLATE utf8_spanish_ci DEFAULT NULL
) ENGINE=InnoDB DEFAULT CHARSET=utf8 COLLATE=utf8_spanish_ci;

--
-- Dumping data for table `cdepago`
--

INSERT INTO `cdepago` (`id`, `nombre`) VALUES
(1, 'Credito'),
(2, 'Contado');

-- --------------------------------------------------------

--
-- Table structure for table `clientes`
--

CREATE TABLE `clientes` (
  `id` bigint(20) NOT NULL,
  `apellido` varchar(255) COLLATE utf8_spanish_ci DEFAULT NULL,
  `codigo` int(11) DEFAULT NULL,
  `create_at` date NOT NULL,
  `dui` varchar(10) COLLATE utf8_spanish_ci DEFAULT NULL,
  `email` varchar(255) COLLATE utf8_spanish_ci DEFAULT NULL,
  `nombre` varchar(255) COLLATE utf8_spanish_ci DEFAULT NULL,
  `giro_id` bigint(20) DEFAULT NULL,
  `tipo_cliente_id` bigint(20) DEFAULT NULL,
  `usuario_id` bigint(20) DEFAULT NULL
) ENGINE=InnoDB DEFAULT CHARSET=utf8 COLLATE=utf8_spanish_ci;

--
-- Dumping data for table `clientes`
--

INSERT INTO `clientes` (`id`, `apellido`, `codigo`, `create_at`, `dui`, `email`, `nombre`, `giro_id`, `tipo_cliente_id`, `usuario_id`) VALUES
(1, 'Guzman', 44123, '2017-08-01', '01-2324123', 'profesor@bolsadeideas.com', 'Andres', 1, 1, 5),
(2, 'Doe', 65123, '2017-08-02', '01-2333098', 'john.doe@gmail.com', 'John', 1, 1, 5),
(3, 'Torvalds', 66412, '2017-08-03', '99-012398', 'linus.torvalds@gmail.com', 'Linus', 1, 1, 5),
(4, 'Doe', 86012, '2017-08-04', '12-012356', 'jane.doe@gmail.com', 'Jane', 1, 1, 5),
(5, 'Calderon', 1331, '2020-02-02', '12313111', 'marioc@gmail.com', 'Mario', 1, 1, 6);

-- --------------------------------------------------------

--
-- Table structure for table `cliente_direcciones`
--

CREATE TABLE `cliente_direcciones` (
  `id` bigint(20) NOT NULL,
  `cliente_id` bigint(20) DEFAULT NULL,
  `direcciones_id` bigint(20) DEFAULT NULL
) ENGINE=InnoDB DEFAULT CHARSET=utf8 COLLATE=utf8_spanish_ci;

--
-- Dumping data for table `cliente_direcciones`
--

INSERT INTO `cliente_direcciones` (`id`, `cliente_id`, `direcciones_id`) VALUES
(1, 1, 1),
(2, 1, 2),
(3, 5, 3);

-- --------------------------------------------------------

--
-- Table structure for table `cotizacion`
--

CREATE TABLE `cotizacion` (
  `id` bigint(20) NOT NULL,
  `aprobado` bit(1) NOT NULL,
  `create_at` date DEFAULT NULL
) ENGINE=InnoDB DEFAULT CHARSET=utf8 COLLATE=utf8_spanish_ci;

--
-- Dumping data for table `cotizacion`
--

INSERT INTO `cotizacion` (`id`, `aprobado`, `create_at`) VALUES
(1, b'1111111111111111111111111111111', '2020-05-16'),
(2, b'1111111111111111111111111111111', '2020-05-16');

-- --------------------------------------------------------

--
-- Table structure for table `descuentos`
--

CREATE TABLE `descuentos` (
  `id` bigint(20) NOT NULL,
  `cantidad` int(11) NOT NULL,
  `porcentaje` double NOT NULL,
  `producto_idp` bigint(20) DEFAULT NULL
) ENGINE=InnoDB DEFAULT CHARSET=utf8 COLLATE=utf8_spanish_ci;

--
-- Dumping data for table `descuentos`
--

INSERT INTO `descuentos` (`id`, `cantidad`, `porcentaje`, `producto_idp`) VALUES
(1, 1000, 45, 1),
(2, 800, 30, 1);

-- --------------------------------------------------------

--
-- Table structure for table `direcciones`
--

CREATE TABLE `direcciones` (
  `id` bigint(20) NOT NULL,
  `nombre` varchar(255) COLLATE utf8_spanish_ci DEFAULT NULL
) ENGINE=InnoDB DEFAULT CHARSET=utf8 COLLATE=utf8_spanish_ci;

--
-- Dumping data for table `direcciones`
--

INSERT INTO `direcciones` (`id`, `nombre`) VALUES
(1, 'Boulevar Constitucion, calle zacamil, casa #2'),
(2, 'Redoldel Masferrer, calle los santos, pasaje 12, casa #5'),
(3, 'Reparto Las Arboleras');

-- --------------------------------------------------------

--
-- Table structure for table `facturacion`
--

CREATE TABLE `facturacion` (
  `id` bigint(20) NOT NULL,
  `codigofactura` int(11) NOT NULL,
  `detalles` varchar(255) COLLATE utf8_spanish_ci DEFAULT NULL,
  `create_at` date DEFAULT NULL,
  `status` int(11) DEFAULT NULL,
  `tota_registrado` double NOT NULL,
  `a_cuentade_id` bigint(20) DEFAULT NULL,
  `cliente_id` bigint(20) DEFAULT NULL,
  `condicionesdpago_id` bigint(20) DEFAULT NULL,
  `cotizacion_id` bigint(20) DEFAULT NULL,
  `formadepago_id` bigint(20) DEFAULT NULL,
  `tipo_factura_id` bigint(20) DEFAULT NULL
) ENGINE=InnoDB DEFAULT CHARSET=utf8 COLLATE=utf8_spanish_ci;

--
-- Dumping data for table `facturacion`
--

INSERT INTO `facturacion` (`id`, `codigofactura`, `detalles`, `create_at`, `status`, `tota_registrado`, `a_cuentade_id`, `cliente_id`, `condicionesdpago_id`, `cotizacion_id`, `formadepago_id`, `tipo_factura_id`) VALUES
(1, 0, '123', '2020-07-28', 3, 0, 5, 2, 1, 1, 1, 1),
(2, 0, '123', '2020-05-20', 3, 0, 5, 2, 1, 2, 1, 1);

-- --------------------------------------------------------

--
-- Table structure for table `formadepago`
--

CREATE TABLE `formadepago` (
  `id` bigint(20) NOT NULL,
  `nombre` varchar(30) COLLATE utf8_spanish_ci DEFAULT NULL
) ENGINE=InnoDB DEFAULT CHARSET=utf8 COLLATE=utf8_spanish_ci;

--
-- Dumping data for table `formadepago`
--

INSERT INTO `formadepago` (`id`, `nombre`) VALUES
(1, 'Efectivo'),
(2, 'Cheque'),
(3, 'Transaccion');

-- --------------------------------------------------------

--
-- Table structure for table `giro`
--

CREATE TABLE `giro` (
  `id` bigint(20) NOT NULL,
  `detalles` varchar(200) COLLATE utf8_spanish_ci DEFAULT NULL,
  `categoriagiro_id` bigint(20) DEFAULT NULL
) ENGINE=InnoDB DEFAULT CHARSET=utf8 COLLATE=utf8_spanish_ci;

--
-- Dumping data for table `giro`
--

INSERT INTO `giro` (`id`, `detalles`, `categoriagiro_id`) VALUES
(1, 'Encargadas de la transformación de la materia prima en bienes elaborados o semielaborados, que o bien se dirigen al consumidor final, o a otras industrias, por lo que operan como instancias intermedia', 1),
(2, 'Se dedican a la explotación de recursos naturales, ya sean o no renovables, para iniciar la cadena de su transformación en productos elaborados de distinto tipo', 4);

-- --------------------------------------------------------

--
-- Table structure for table `inventario`
--

CREATE TABLE `inventario` (
  `inventario_id` bigint(20) NOT NULL,
  `codigo_proveedor` varchar(30) COLLATE utf8_spanish_ci DEFAULT NULL,
  `create_at` date DEFAULT NULL,
  `stock` int(11) NOT NULL,
  `movimientos_id` bigint(20) DEFAULT NULL,
  `producto_idp` bigint(20) DEFAULT NULL
) ENGINE=InnoDB DEFAULT CHARSET=utf8 COLLATE=utf8_spanish_ci;

--
-- Dumping data for table `inventario`
--

INSERT INTO `inventario` (`inventario_id`, `codigo_proveedor`, `create_at`, `stock`, `movimientos_id`, `producto_idp`) VALUES
(1, '1A', '2020-02-02', 2, 1, 1),
(2, '2A', '2020-02-02', 2, 2, 2),
(3, '3A', '2020-02-02', 12, 3, 3),
(4, '4A', '2020-02-02', 2, 4, 4),
(5, '5A', '2020-02-02', 2, 5, 5),
(6, '6A', '2020-02-02', 48, 6, 6),
(7, '7A', '2020-02-02', 24, 7, 7),
(8, '8A', '2020-02-02', 12, 8, 8),
(9, '9A', '2020-02-02', 1, 9, 9),
(10, '10A', '2020-02-02', 1, 10, 10),
(11, '11A', '2020-02-02', 1, 11, 11),
(12, '12A', '2020-02-02', 12, 12, 12),
(13, '13A', '2020-02-02', 2, 13, 13),
(14, '14A', '2020-02-02', 1, 14, 14),
(15, '15A', '2020-02-02', 1, 15, 15),
(16, '16A', '2020-02-02', 1, 16, 16),
(17, '17A', '2020-02-02', 2, 17, 17),
(18, '18A', '2020-02-02', 8, 18, 18),
(19, '19A', '2020-02-02', 4, 19, 19),
(20, '20A', '2020-02-02', 12, 20, 20),
(21, '21A', '2020-02-02', 1, 21, 21),
(22, '22A', '2020-02-02', 2, 22, 22),
(23, '23A', '2020-02-02', 160, 23, 23),
(24, '24A', '2020-02-02', 1, 24, 24),
(25, '25A', '2020-02-02', 2, 25, 25),
(26, '26A', '2020-02-02', 2, 26, 26),
(27, '27A', '2020-02-02', 1, 27, 27),
(28, '28A', '2020-02-02', 1, 28, 28),
(29, '29A', '2020-02-02', 1, 29, 29),
(30, '30A', '2020-02-02', 2, 30, 30),
(31, '31A', '2020-02-02', 1, 31, 31),
(32, '32A', '2020-02-02', 1, 32, 32),
(33, '33A', '2020-02-02', 1, 33, 33),
(34, '34A', '2020-02-02', 1, 34, 34),
(35, '35A', '2020-02-02', 1, 35, 35),
(36, '36A', '2020-02-02', 1, 36, 36),
(37, '37A', '2020-02-02', 1, 37, 37),
(38, '38A', '2020-02-02', 1, 38, 38),
(39, '39A', '2020-02-02', 10, 39, 39),
(40, '40A', '2020-02-02', 1, 40, 40),
(41, '41A', '2020-02-02', 10, 41, 41),
(42, '42A', '2020-02-02', 10, 42, 42),
(43, '43A', '2020-02-02', 4, 43, 43),
(44, '44A', '2020-02-02', 1, 44, 44),
(45, '45A', '2020-02-02', 1, 45, 45),
(46, '46A', '2020-02-02', 10, 46, 46),
(47, '47A', '2020-02-02', 12, 47, 47),
(48, '48A', '2020-02-02', 1, 48, 48),
(49, '49A', '2020-02-02', 2, 49, 49),
(50, '50A', '2020-02-02', 1, 50, 50),
(51, '51A', '2020-02-02', 1, 51, 51),
(52, '52A', '2020-02-02', 20, 52, 52),
(53, '53A', '2020-02-02', 5, 53, 53),
(54, '54A', '2020-02-02', 4, 54, 54),
(55, '55A', '2020-02-02', 2, 55, 55),
(56, '56A', '2020-02-02', 1, 56, 56),
(57, '57A', '2020-02-02', 1, 57, 57),
(58, '58A', '2020-02-02', 1, 58, 58),
(59, '59A', '2020-02-02', 2, 59, 59),
(60, '60A', '2020-02-02', 1, 60, 60),
(61, '61A', '2020-02-02', 1, 61, 61),
(62, '62A', '2020-02-02', 1, 62, 62),
(63, '63A', '2020-02-02', 96, 63, 63),
(64, '64A', '2020-02-02', 1, 64, 64),
(65, '65A', '2020-02-02', 384, 65, 65),
(66, '66A', '2020-02-02', 120, 66, 66),
(67, '67A', '2020-02-02', 24, 67, 67),
(68, '68A', '2020-02-02', 30, 68, 68),
(69, '69A', '2020-02-02', 4, 69, 69),
(70, '70A', '2020-02-02', 12, 70, 70),
(71, '71A', '2020-02-02', 1, 71, 71),
(72, '72A', '2020-02-02', 1, 72, 72),
(73, '73A', '2020-02-02', 6, 73, 73),
(74, '74A', '2020-02-02', 1, 74, 74),
(75, '75A', '2020-02-02', 1, 75, 75),
(76, '76A', '2020-02-02', 1, 76, 76),
(77, '77A', '2020-02-02', 1, 77, 77),
(78, '78A', '2020-02-02', 1, 78, 78),
(79, '79A', '2020-02-02', 12, 79, 79),
(80, '80A', '2020-02-02', 48, 80, 80),
(81, '81A', '2020-02-02', 2, 81, 81),
(82, '82A', '2020-02-02', 4, 82, 82),
(83, '83A', '2020-02-02', 1, 83, 83),
(84, '84A', '2020-02-02', 1, 84, 84),
(85, '85A', '2020-02-02', 4, 85, 85),
(86, '86A', '2020-02-02', 1, 86, 86),
(87, '87A', '2020-02-02', 2, 87, 87),
(88, '88A', '2020-02-02', 1, 88, 88),
(89, '89A', '2020-02-02', 1, 89, 89),
(90, '90A', '2020-02-02', 5, 90, 90),
(91, '91A', '2020-02-02', 1, 91, 91),
(92, '92A', '2020-02-02', 2, 92, 92),
(93, '93A', '2020-02-02', 1, 93, 93),
(94, '94A', '2020-02-02', 1, 94, 94),
(95, '95A', '2020-02-02', 2, 95, 95),
(96, '96A', '2020-02-02', 1, 96, 96),
(97, '97A', '2020-02-02', 1, 97, 97),
(98, '98A', '2020-02-02', 2, 98, 98),
(99, '99A', '2020-02-02', 1, 99, 99),
(100, '100A', '2020-02-02', 2, 100, 100),
(101, '101A', '2020-02-02', 1, 101, 101),
(102, '102A', '2020-02-02', 1, 102, 102),
(103, '103A', '2020-02-02', 1, 103, 103),
(104, '104A', '2020-02-02', 1, 104, 104),
(105, '105A', '2020-02-02', 1, 105, 105),
(106, '106A', '2020-02-02', 1, 106, 106),
(107, '107A', '2020-02-02', 1, 107, 107),
(108, '108A', '2020-02-02', 1, 108, 108),
(109, '109A', '2020-02-02', 1, 109, 109),
(110, '110A', '2020-02-02', 3, 110, 110),
(111, '111A', '2020-02-02', 3, 111, 111),
(112, '112A', '2020-02-02', 1, 112, 112),
(113, '113A', '2020-02-02', 3, 113, 113),
(114, '114A', '2020-02-02', 50, 114, 114),
(115, '115A', '2020-02-02', 50, 115, 115),
(116, '116A', '2020-02-02', 50, 116, 116),
(117, '117A', '2020-02-02', 50, 117, 117),
(118, '118A', '2020-02-02', 50, 118, 118),
(119, '119A', '2020-02-02', 50, 119, 119),
(120, '120A', '2020-02-02', 50, 120, 120),
(121, '121A', '2020-02-02', 50, 121, 121),
(122, '122A', '2020-02-02', 10, 122, 122),
(123, '123A', '2020-02-02', 1, 123, 123),
(124, '124A', '2020-02-02', 2, 124, 124),
(125, '125A', '2020-02-02', 1, 125, 125),
(126, '126A', '2020-02-02', 1, 126, 126),
(127, '127A', '2020-02-02', 2, 127, 127),
(128, '128A', '2020-02-02', 2, 128, 128),
(129, '129A', '2020-02-02', 16, 129, 129),
(130, '130A', '2020-02-02', 1, 130, 130),
(131, '131A', '2020-02-02', 2, 131, 131),
(132, '132A', '2020-02-02', 1, 132, 132),
(133, '133A', '2020-02-02', 2, 133, 133),
(134, '134A', '2020-02-02', 1, 134, 134),
(135, '135A', '2020-02-02', 1, 135, 135),
(136, '136A', '2020-02-02', 1, 136, 136),
(137, '137A', '2020-02-02', 1, 137, 137),
(138, '138A', '2020-02-02', 1, 138, 138),
(139, '139A', '2020-02-02', 1, 139, 139),
(140, '140A', '2020-02-02', 1, 140, 140),
(141, '141A', '2020-02-02', 4, 141, 141),
(142, '142A', '2020-02-02', 3, 142, 142),
(143, '143A', '2020-02-02', 1, 143, 143),
(144, '144A', '2020-02-02', 1, 144, 144),
(145, '145A', '2020-02-02', 1, 145, 145),
(146, '146A', '2020-02-02', 1, 146, 146),
(147, '147A', '2020-02-02', 1, 147, 147),
(148, '148A', '2020-02-02', 6, 148, 148),
(149, '149A', '2020-02-02', 1, 149, 149),
(150, '150A', '2020-02-02', 14, 150, 150),
(151, '151A', '2020-02-02', 5, 151, 151),
(152, '152A', '2020-02-02', 1, 152, 152),
(153, '153A', '2020-02-02', 3, 153, 153),
(154, '154A', '2020-02-02', 1, 154, 154),
(155, '155A', '2020-02-02', 12, 155, 155),
(156, '156A', '2020-02-02', 2, 156, 156),
(157, '157A', '2020-02-02', 1, 157, 157),
(158, '158A', '2020-02-02', 1, 158, 158),
(159, '159A', '2020-02-02', 1, 159, 159),
(160, '160A', '2020-02-02', 1, 160, 160),
(161, '161A', '2020-02-02', 1, 161, 161),
(162, '162A', '2020-02-02', 1, 162, 162),
(163, '163A', '2020-02-02', 1, 163, 163),
(164, '164A', '2020-02-02', 1, 164, 164),
(165, '165A', '2020-02-02', 1, 165, 165),
(166, '166A', '2020-02-02', 1, 166, 166),
(167, '167A', '2020-02-02', 1, 167, 167),
(168, '168A', '2020-02-02', 1, 168, 168),
(169, '169A', '2020-02-02', 1, 169, 169),
(170, '170A', '2020-02-02', 1, 170, 170),
(171, '171A', '2020-02-02', 1, 171, 171),
(172, '172A', '2020-02-02', 1, 172, 172),
(173, '173A', '2020-02-02', 1, 173, 173),
(174, '174A', '2020-02-02', 2, 174, 174),
(175, '175A', '2020-02-02', 2, 175, 175),
(176, '176A', '2020-02-02', 1, 176, 176),
(177, '177A', '2020-02-02', 3, 177, 177),
(178, '178A', '2020-02-02', 1, 178, 178),
(179, '179A', '2020-02-02', 2, 179, 179),
(180, '180A', '2020-02-02', 1, 180, 180),
(181, '181A', '2020-02-02', 1, 181, 181),
(182, '182A', '2020-02-02', 1, 182, 182),
(183, '183A', '2020-02-02', 2, 183, 183),
(184, '184A', '2020-02-02', 1, 184, 184),
(185, '185A', '2020-02-02', 1, 185, 185),
(186, '186A', '2020-02-02', 1, 186, 186),
(187, '187A', '2020-02-02', 1, 187, 187),
(188, '188A', '2020-02-02', 1, 188, 188),
(189, '189A', '2020-02-02', 1, 189, 189),
(190, '190A', '2020-02-02', 1, 190, 190),
(191, '191A', '2020-02-02', 1, 191, 191),
(192, '192A', '2020-02-02', 1, 192, 192),
(193, '193A', '2020-02-02', 5, 193, 193),
(194, '194A', '2020-02-02', 5, 194, 194),
(195, '195A', '2020-02-02', 5, 195, 195),
(196, '196A', '2020-02-02', 5, 196, 196),
(197, '197A', '2020-02-02', 5, 197, 197),
(198, '198A', '2020-02-02', 5, 198, 198),
(199, '199A', '2020-02-02', 5, 199, 199),
(200, '200A', '2020-02-02', 5, 200, 200),
(201, '201A', '2020-02-02', 5, 201, 201),
(202, '202A', '2020-02-02', 5, 202, 202),
(203, '203A', '2020-02-02', 5, 203, 203),
(204, '204A', '2020-02-02', 1, 204, 204),
(205, '205A', '2020-02-02', 1, 205, 205),
(206, '206A', '2020-02-02', 1, 206, 206),
(207, '207A', '2020-02-02', 1, 207, 207),
(208, '208A', '2020-02-02', 1, 208, 208),
(209, '209A', '2020-02-02', 1, 209, 209),
(210, '210A', '2020-02-02', 1, 210, 210),
(211, '211A', '2020-02-02', 1, 211, 211),
(212, '212A', '2020-02-02', 2, 212, 212),
(213, '213A', '2020-02-02', 2, 213, 213),
(214, '214A', '2020-02-02', 2, 214, 214),
(215, '215A', '2020-02-02', 2, 215, 215),
(216, '216A', '2020-02-02', 34, 216, 216),
(217, '217A', '2020-02-02', 3, 217, 217),
(218, '218A', '2020-02-02', 24, 218, 218),
(219, '219A', '2020-02-02', 24, 219, 219),
(220, '220A', '2020-02-02', 1, 220, 220),
(221, '221A', '2020-02-02', 2, 221, 221),
(222, '222A', '2020-02-02', 1, 222, 222),
(223, '223A', '2020-02-02', 2, 223, 223),
(224, '224A', '2020-02-02', 1, 224, 224),
(225, '225A', '2020-02-02', 1, 225, 225),
(226, '226A', '2020-02-02', 1, 226, 226),
(227, '227A', '2020-02-02', 1, 227, 227),
(228, '228A', '2020-02-02', 1, 228, 228),
(229, '229A', '2020-02-02', 1, 229, 229),
(230, '230A', '2020-02-02', 1, 230, 230),
(231, '231A', '2020-02-02', 2, 231, 231),
(232, '232A', '2020-02-02', 1, 232, 232),
(233, '233A', '2020-02-02', 1, 233, 233),
(234, '234A', '2020-02-02', 2, 234, 234),
(235, '235A', '2020-02-02', 1, 235, 235),
(236, '236A', '2020-02-02', 1, 236, 236),
(237, '237A', '2020-02-02', 24, 237, 237),
(238, '238A', '2020-02-02', 1, 238, 238),
(239, '239A', '2020-02-02', 1, 239, 239),
(240, '240A', '2020-02-02', 3, 240, 240),
(241, '241A', '2020-02-02', 1, 241, 241),
(242, '242A', '2020-02-02', 2, 242, 242),
(243, '243A', '2020-02-02', 2, 243, 243),
(244, '244A', '2020-02-02', 1, 244, 244),
(245, '245A', '2020-02-02', 1, 245, 245),
(246, '246A', '2020-02-02', 1, 246, 246),
(247, '247A', '2020-02-02', 150, 247, 247),
(248, '248A', '2020-02-02', 12, 248, 248),
(249, '249A', '2020-02-02', 2, 249, 249),
(250, '250A', '2020-02-02', 60, 250, 250),
(251, '251A', '2020-02-02', 60, 251, 251),
(252, '252A', '2020-02-02', 1, 252, 252),
(253, '253A', '2020-02-02', 2, 253, 253),
(254, '254A', '2020-02-02', 1, 254, 254),
(255, '255A', '2020-02-02', 2, 255, 255),
(256, '256A', '2020-02-02', 2, 256, 256),
(257, '257A', '2020-02-02', 6, 257, 257),
(258, '258A', '2020-02-02', 6, 258, 258),
(259, '259A', '2020-02-02', 2, 259, 259),
(260, '260A', '2020-02-02', 1, 260, 260),
(261, '261A', '2020-02-02', 1, 261, 261),
(262, '262A', '2020-02-02', 1, 262, 262),
(263, '263A', '2020-02-02', 1, 263, 263),
(264, '264A', '2020-02-02', 1, 264, 264),
(265, '265A', '2020-02-02', 1, 265, 265),
(266, '266A', '2020-02-02', 1, 266, 266),
(267, '267A', '2020-02-02', 4, 267, 267),
(268, '268A', '2020-02-02', 2, 268, 268),
(269, '269A', '2020-02-02', 10, 269, 269),
(270, '270A', '2020-02-02', 50, 270, 270),
(271, '271A', '2020-02-02', 150, 271, 271),
(272, '272A', '2020-02-02', 5, 272, 272),
(273, '273A', '2020-02-02', 3, 273, 273),
(274, '274A', '2020-02-02', 6, 274, 274),
(275, '275A', '2020-02-02', 2, 275, 275),
(276, '276A', '2020-02-02', 1, 276, 276),
(277, '277A', '2020-02-02', 3, 277, 277),
(278, '278A', '2020-02-02', 1, 278, 278),
(279, '279A', '2020-02-02', 1, 279, 279),
(280, '280A', '2020-02-02', 1, 280, 280),
(281, '281A', '2020-02-02', 1, 281, 281),
(282, '282A', '2020-02-02', 1, 282, 282),
(283, '283A', '2020-02-02', 1, 283, 283),
(284, '284A', '2020-02-02', 2, 284, 284),
(285, '285A', '2020-02-02', 75, 285, 285),
(286, '286A', '2020-02-02', 2, 286, 286),
(287, '287A', '2020-02-02', 1, 287, 287),
(288, '288A', '2020-02-02', 1, 288, 288),
(289, '289A', '2020-02-02', 1, 289, 289),
(290, '290A', '2020-02-02', 1, 290, 290),
(291, '291A', '2020-02-02', 4, 291, 291),
(292, '292A', '2020-02-02', 1, 292, 292),
(293, '293A', '2020-02-02', 12, 293, 293),
(294, '294A', '2020-02-02', 2, 294, 294),
(295, '295A', '2020-02-02', 2, 295, 295),
(296, '296A', '2020-02-02', 1, 296, 296),
(297, '297A', '2020-02-02', 48, 297, 297),
(298, '298A', '2020-02-02', 600, 298, 298),
(299, '299A', '2020-02-02', 1, 299, 299),
(300, '300A', '2020-02-02', 5, 300, 300),
(301, '301A', '2020-02-02', 600, 301, 301),
(302, '302A', '2020-02-02', 40, 302, 302),
(303, '303A', '2020-02-02', 2, 303, 303),
(304, '304A', '2020-02-02', 1, 304, 304),
(305, '305A', '2020-02-02', 1, 305, 305),
(306, '306A', '2020-02-02', 24, 306, 306),
(307, '307A', '2020-02-02', 80, 307, 307),
(308, '308A', '2020-02-02', 1, 308, 308),
(309, '309A', '2020-02-02', 1, 309, 309),
(310, '310A', '2020-02-02', 1, 310, 310),
(311, '311A', '2020-02-02', 1, 311, 311),
(312, '312A', '2020-02-02', 2, 312, 312),
(313, '313A', '2020-02-02', 1, 313, 313),
(314, '314A', '2020-02-02', 1, 314, 314),
(315, '315A', '2020-02-02', 1, 315, 315),
(316, '316A', '2020-02-02', 1, 316, 316),
(317, '317A', '2020-02-02', 1, 317, 317),
(318, '318A', '2020-02-02', 12, 318, 318),
(319, '319A', '2020-02-02', 80, 319, 319),
(320, '320A', '2020-02-02', 1, 320, 320),
(321, '321A', '2020-02-02', 4, 321, 321),
(322, '322A', '2020-02-02', 1, 322, 322),
(323, '323A', '2020-02-02', 1, 323, 323),
(324, '324A', '2020-02-02', 1, 324, 324);

-- --------------------------------------------------------

--
-- Table structure for table `marca`
--

CREATE TABLE `marca` (
  `idm` bigint(20) NOT NULL,
  `nombrem` varchar(20) COLLATE utf8_spanish_ci DEFAULT NULL
) ENGINE=InnoDB DEFAULT CHARSET=utf8 COLLATE=utf8_spanish_ci;

--
-- Dumping data for table `marca`
--

INSERT INTO `marca` (`idm`, `nombrem`) VALUES
(1, '3M'),
(2, 'ABRO'),
(3, 'AJAX'),
(4, 'ARCOIRIS'),
(5, 'ARGELIA'),
(6, 'ARTIS'),
(7, 'ARTLINE'),
(8, 'AXION'),
(9, 'BACO'),
(10, 'BALDOR'),
(11, 'BAMBARY'),
(12, 'BARRILITO'),
(13, 'CANON'),
(14, 'COPYBOOK'),
(15, 'CRAFTER\'S'),
(16, 'CRAYOLA'),
(17, 'CREATEX'),
(18, 'CRISTAL'),
(19, 'DECORIS'),
(20, 'DIPSA'),
(21, 'DISCAYCA'),
(22, 'EDDING'),
(23, 'EPSON'),
(24, 'FOSCA'),
(25, 'FOSKA'),
(26, 'GENERICO'),
(27, 'GO'),
(28, 'HAMMERMILL'),
(29, 'HEBEL'),
(30, 'HP'),
(31, 'IMPERIAL'),
(32, 'INCOLMA'),
(33, 'JOVI'),
(34, 'KARAT'),
(35, 'KLEENEX'),
(36, 'KORES'),
(37, 'LAROUSSE'),
(38, 'LIFETIME'),
(39, 'MAGIA BLANCA'),
(40, 'MAPED'),
(41, 'MASTER'),
(42, 'MCCORMICK'),
(43, 'MEGA'),
(44, 'METTA'),
(45, 'NASSA'),
(46, 'NELLY'),
(47, 'NEXGARD'),
(48, 'OFFSET'),
(49, 'P PLUS'),
(50, 'PARALEX'),
(51, 'PELIKAN'),
(52, 'PLAY DOH'),
(53, 'PLIEGO'),
(54, 'POINTER'),
(55, 'PRESS GUARD'),
(56, 'PURINA'),
(57, 'QUIJOTE'),
(58, 'RESISTOL'),
(59, 'ROMA'),
(60, 'ROTRING'),
(61, 'ROXY'),
(62, 'SABLON'),
(63, 'SAMBA'),
(64, 'SANI'),
(65, 'SCIENCE DIET'),
(66, 'SCOTT'),
(67, 'SCRIBE'),
(68, 'SHERWIN WILLIAMS'),
(69, 'SIGLO XXI'),
(70, 'STADTLER'),
(71, 'STAEDLER'),
(72, 'STAEDTLER'),
(73, 'STANLEY'),
(74, 'STUDMARK'),
(75, 'TILLY'),
(76, 'TOTTO'),
(77, 'TOUCH TONE'),
(78, 'TUCAN'),
(79, 'WACKY'),
(80, 'WACOM'),
(81, 'WENGUE'),
(82, 'Generico'),
(83, 'Facela');

-- --------------------------------------------------------

--
-- Table structure for table `margenes`
--

CREATE TABLE `margenes` (
  `id` bigint(20) NOT NULL,
  `detalles` varchar(100) COLLATE utf8_spanish_ci DEFAULT NULL,
  `porcentaje` double NOT NULL
) ENGINE=InnoDB DEFAULT CHARSET=utf8 COLLATE=utf8_spanish_ci;

--
-- Dumping data for table `margenes`
--

INSERT INTO `margenes` (`id`, `detalles`, `porcentaje`) VALUES
(1, 'Debido a la demanda de este producto en 2020 el margen subio a 50', 25.5),
(2, 'Indefinido', 0);

-- --------------------------------------------------------

--
-- Table structure for table `movimientos`
--

CREATE TABLE `movimientos` (
  `id` bigint(20) NOT NULL
) ENGINE=InnoDB DEFAULT CHARSET=utf8 COLLATE=utf8_spanish_ci;

--
-- Dumping data for table `movimientos`
--

INSERT INTO `movimientos` (`id`) VALUES
(1),
(2),
(3),
(4),
(5),
(6),
(7),
(8),
(9),
(10),
(11),
(12),
(13),
(14),
(15),
(16),
(17),
(18),
(19),
(20),
(21),
(22),
(23),
(24),
(25),
(26),
(27),
(28),
(29),
(30),
(31),
(32),
(33),
(34),
(35),
(36),
(37),
(38),
(39),
(40),
(41),
(42),
(43),
(44),
(45),
(46),
(47),
(48),
(49),
(50),
(51),
(52),
(53),
(54),
(55),
(56),
(57),
(58),
(59),
(60),
(61),
(62),
(63),
(64),
(65),
(66),
(67),
(68),
(69),
(70),
(71),
(72),
(73),
(74),
(75),
(76),
(77),
(78),
(79),
(80),
(81),
(82),
(83),
(84),
(85),
(86),
(87),
(88),
(89),
(90),
(91),
(92),
(93),
(94),
(95),
(96),
(97),
(98),
(99),
(100),
(101),
(102),
(103),
(104),
(105),
(106),
(107),
(108),
(109),
(110),
(111),
(112),
(113),
(114),
(115),
(116),
(117),
(118),
(119),
(120),
(121),
(122),
(123),
(124),
(125),
(126),
(127),
(128),
(129),
(130),
(131),
(132),
(133),
(134),
(135),
(136),
(137),
(138),
(139),
(140),
(141),
(142),
(143),
(144),
(145),
(146),
(147),
(148),
(149),
(150),
(151),
(152),
(153),
(154),
(155),
(156),
(157),
(158),
(159),
(160),
(161),
(162),
(163),
(164),
(165),
(166),
(167),
(168),
(169),
(170),
(171),
(172),
(173),
(174),
(175),
(176),
(177),
(178),
(179),
(180),
(181),
(182),
(183),
(184),
(185),
(186),
(187),
(188),
(189),
(190),
(191),
(192),
(193),
(194),
(195),
(196),
(197),
(198),
(199),
(200),
(201),
(202),
(203),
(204),
(205),
(206),
(207),
(208),
(209),
(210),
(211),
(212),
(213),
(214),
(215),
(216),
(217),
(218),
(219),
(220),
(221),
(222),
(223),
(224),
(225),
(226),
(227),
(228),
(229),
(230),
(231),
(232),
(233),
(234),
(235),
(236),
(237),
(238),
(239),
(240),
(241),
(242),
(243),
(244),
(245),
(246),
(247),
(248),
(249),
(250),
(251),
(252),
(253),
(254),
(255),
(256),
(257),
(258),
(259),
(260),
(261),
(262),
(263),
(264),
(265),
(266),
(267),
(268),
(269),
(270),
(271),
(272),
(273),
(274),
(275),
(276),
(277),
(278),
(279),
(280),
(281),
(282),
(283),
(284),
(285),
(286),
(287),
(288),
(289),
(290),
(291),
(292),
(293),
(294),
(295),
(296),
(297),
(298),
(299),
(300),
(301),
(302),
(303),
(304),
(305),
(306),
(307),
(308),
(309),
(310),
(311),
(312),
(313),
(314),
(315),
(316),
(317),
(318),
(319),
(320),
(321),
(322),
(323),
(324);

-- --------------------------------------------------------

--
-- Table structure for table `notificaciones`
--

CREATE TABLE `notificaciones` (
  `id` bigint(20) NOT NULL,
  `color` varchar(30) COLLATE utf8_spanish_ci DEFAULT NULL,
  `create_at` datetime DEFAULT NULL,
  `icono` varchar(30) COLLATE utf8_spanish_ci DEFAULT NULL,
  `nombre` varchar(80) COLLATE utf8_spanish_ci DEFAULT NULL,
  `url` varchar(50) COLLATE utf8_spanish_ci DEFAULT NULL
) ENGINE=InnoDB DEFAULT CHARSET=utf8 COLLATE=utf8_spanish_ci;

-- --------------------------------------------------------

--
-- Table structure for table `presentacion`
--

CREATE TABLE `presentacion` (
  `id` bigint(20) NOT NULL,
  `detalle` varchar(20) COLLATE utf8_spanish_ci DEFAULT NULL,
  `unidad` varchar(5) COLLATE utf8_spanish_ci DEFAULT NULL
) ENGINE=InnoDB DEFAULT CHARSET=utf8 COLLATE=utf8_spanish_ci;

--
-- Dumping data for table `presentacion`
--

INSERT INTO `presentacion` (`id`, `detalle`, `unidad`) VALUES
(1, '1/4 GAL', NULL),
(2, '1/8 gal', NULL),
(3, '100KG', NULL),
(4, '10LB', NULL),
(5, '16 PIEZAS', NULL),
(6, '20 PIEZAS', NULL),
(7, '20 TABLETAS', NULL),
(8, '3 PACK', NULL),
(9, '30ML', NULL),
(10, '33ML', NULL),
(11, '4 PCS', NULL),
(12, '6 PACK', NULL),
(13, '60 TABLETAS', NULL),
(14, '75 UN/BOLSA', NULL),
(15, 'BATON (200 UN)', NULL),
(16, 'BLOCK (24)', NULL),
(17, 'BOLSA', NULL),
(18, 'BOLSA (60UN)', NULL),
(19, 'BOTELLA', NULL),
(20, 'CAJA (10)', NULL),
(21, 'CAJA (12 LATAS)', NULL),
(22, 'CAJA (12)', NULL),
(23, 'CAJA (18 PACK)', NULL),
(24, 'CAJA (18X125 HOJAS)', NULL),
(25, 'CAJA (25)', NULL),
(26, 'CAJA (48)', NULL),
(27, 'CARTON (48 CAJAS)', NULL),
(28, 'CIENTO', NULL),
(29, 'CUBETA (5 GAL)', NULL),
(30, 'ESTUCHE', NULL),
(31, 'FARDO 24X100', NULL),
(32, 'GAL', NULL),
(33, 'LATA AEROSOL', NULL),
(34, 'NO DETERMINADO', NULL),
(35, 'PAQUETE 25', NULL),
(36, 'PAQUETE 5', NULL),
(37, 'PAR', NULL),
(38, 'PLIEGO', NULL),
(39, 'QQ', NULL),
(40, 'RESMA', NULL),
(41, 'RESMA (500H)', NULL),
(42, 'ROLLO', NULL),
(43, 'SET 2', NULL),
(44, 'SET 8', NULL),
(45, 'TAB', NULL),
(46, 'TARRO 30OZ', NULL),
(47, 'UN', NULL),
(48, 'YRD', NULL),
(49, 'Mililitros', 'ml'),
(50, 'Unidad', 'un'),
(51, 'Litros', 'ltr');

-- --------------------------------------------------------

--
-- Table structure for table `productos`
--

CREATE TABLE `productos` (
  `idp` bigint(20) NOT NULL,
  `codigo` varchar(10) COLLATE utf8_spanish_ci DEFAULT NULL,
  `create_at` date NOT NULL,
  `margen` double DEFAULT '50',
  `minimo` int(11) DEFAULT '1',
  `nombrep` varchar(255) COLLATE utf8_spanish_ci DEFAULT NULL,
  `precio` double NOT NULL,
  `status` bit(1) NOT NULL,
  `stock` int(11) NOT NULL,
  `categoria_id` bigint(20) DEFAULT NULL,
  `marca_idm` bigint(20) DEFAULT NULL,
  `presentacion_id` bigint(20) DEFAULT NULL,
  `proveedor_id` bigint(20) DEFAULT NULL
) ENGINE=InnoDB DEFAULT CHARSET=utf8 COLLATE=utf8_spanish_ci;

--
-- Dumping data for table `productos`
--

INSERT INTO `productos` (`idp`, `codigo`, `create_at`, `margen`, `minimo`, `nombrep`, `precio`, `status`, `stock`, `categoria_id`, `marca_idm`, `presentacion_id`, `proveedor_id`) VALUES
(1, '101010002', '2020-01-15', 50, 1, '15-15-15POLY (FER)', 56.12, b'1111111111111111111111111111111', -38, 3, 26, 4, 8),
(2, '246358', '2019-12-23', 50, 1, 'ACEITE VEGETAL', 19.46, b'1111111111111111111111111111111', 2, 3, 26, 35, 25),
(3, '12065', '2020-01-11', 50, 1, 'ACUARELA 12 COLORES 3295', 1.28, b'1111111111111111111111111111111', -18, 3, 78, 48, 17),
(4, '15405', '2020-01-11', 50, 1, 'AGENDA DIARIA 2020 AZUL/BEIGE/V', 8.76, b'1111111111111111111111111111111', 2, 3, 59, 48, 17),
(5, '10375', '2020-01-16', 50, 1, 'AGUJA CAPOTERA', 0.13, b'1111111111111111111111111111111', 2, 3, 26, 48, 17),
(6, '79875', '2020-02-13', 50, 1, 'AJAX TRICLOR', 1.15, b'1111111111111111111111111111111', 48, 3, 3, 48, 25),
(7, '000460', '2020-01-29', 50, 1, 'ALMOHADILLA #2 METALICA AZUL (14.3X8.7 CM)', 3.67, b'1111111111111111111111111111111', 24, 3, 7, 48, 22),
(8, '1486409', '2020-01-17', 50, 1, 'ANCLA TACO D 9/32 X 1 PLG', 0.01, b'1111111111111111111111111111111', 12, 3, 26, 48, 11),
(9, '300658', '2020-02-24', 50, 1, 'APPLE PIE 9 PAI DE MANZANA', 5.3, b'1111111111111111111111111111111', 1, 3, 26, 48, 5),
(10, '298531', '2020-02-24', 50, 1, 'ARANMARAÑON', 10.79, b'1111111111111111111111111111111', 1, 3, 26, 48, 25),
(11, 'ACLAMS', '2020-01-17', 50, 1, 'ART CLAMP LAMP SILVER', 34.51, b'1111111111111111111111111111111', 1, 3, 26, 48, 26),
(12, '326235', '2020-01-12', 50, 1, 'AZUCAR', 6.63, b'1111111111111111111111111111111', 12, 3, 26, 35, 25),
(13, '201100118', '2020-01-15', 50, 1, 'BAÑOTEC', 2.87, b'1111111111111111111111111111111', 2, 3, 26, 11, 8),
(14, '40133', '2020-01-29', 50, 1, 'BASE PARA CORTAR FOSKA 450X300X3MM', 5.34, b'1111111111111111111111111111111', 1, 3, 26, 48, 17),
(15, 'LMBSBO', '2020-01-16', 50, 1, 'BLACK SKETCHE BOOK 170SH', 9.15, b'1111111111111111111111111111111', 1, 3, 26, 48, 26),
(16, '275285', '2020-02-24', 50, 1, 'BLANCOSOL', 3.88, b'1111111111111111111111111111111', 1, 3, 26, 48, 25),
(17, '50675', '2020-01-29', 50, 1, 'BLOCK ESPIRAL PRESS GUARD CUADRICULADO 200P', 1.5, b'1111111111111111111111111111111', 2, 3, 55, 21, 17),
(18, '50085', '2020-01-29', 50, 1, 'BLOCK ESPIRAL PRESS GUARD RAYADO 200', 1.5, b'1111111111111111111111111111111', 8, 3, 55, 48, 17),
(19, '50086', '2020-01-29', 50, 1, 'BLOCK ESPIRAL SIGLO XXI RAYADO 200P', 1.32, b'1111111111111111111111111111111', 4, 3, 69, 21, 17),
(20, '50087', '2020-01-11', 50, 1, 'BLOCK IMPERIAL B-24 COLORES VARIOS', 1.65, b'1111111111111111111111111111111', 12, 3, 31, 17, 17),
(21, '9485', '2020-01-13', 50, 1, 'BOLSA P/REGALO KRAFT 14X11X7CM', 0.48, b'1111111111111111111111111111111', 1, 3, 26, 48, 17),
(22, '9033', '2020-01-13', 50, 1, 'BOLSA P/REGALO KRAFT 31X25X8CM', 1.11, b'1111111111111111111111111111111', 2, 3, 26, 48, 17),
(23, 'NLBPN3', '2019-12-18', 50, 1, 'BOLSA PLASTICA NEGRA 34X50X400', 0.89, b'1111111111111111111111111111111', 160, 3, 26, 37, 16),
(24, '50090', '2020-01-20', 50, 1, 'BOLSA PORTA 1/8 DE CARBONCILLO', 0.37, b'1111111111111111111111111111111', 1, 3, 26, 48, 17),
(25, '0084', '2020-01-13', 50, 1, 'BORRADOR ESTAEDTLER 526 50 65X23X12CM', 0.57, b'1111111111111111111111111111111', 2, 3, 72, 48, 17),
(26, 'LMBKMO', '2020-01-16', 50, 1, 'BORRADOR KARAT MODELABLE', 0.79, b'1111111111111111111111111111111', 2, 3, 34, 48, 26),
(27, '295966', '2020-01-14', 50, 1, 'BOTELLON DEXTER', 8.81, b'1111111111111111111111111111111', 1, 3, 76, 48, 13),
(28, '714292', '2020-01-15', 50, 1, 'BOTELLON DEXTER 50%', 5.73, b'1111111111111111111111111111111', 1, 3, 76, 48, 13),
(29, '11713180', '2020-01-17', 50, 1, 'BROCHA PLASTICO 1\" P PLUS', 1.33, b'1111111111111111111111111111111', 1, 3, 49, 48, 11),
(30, '2645980', '2020-01-17', 50, 1, 'BROCHA PLASTICO 4\" P PLUS', 3.5, b'1111111111111111111111111111111', 2, 3, 49, 48, 11),
(31, '0228031', '2020-01-19', 50, 1, 'BROCHA STD EXPERT 2\"', 1.15, b'1111111111111111111111111111111', 1, 3, 26, 48, 10),
(32, 'MHCCOM', '2020-01-22', 50, 1, 'CABEZAL PARA COMPRESOR 5HP', 300.33, b'1111111111111111111111111111111', 1, 3, 26, 48, 18),
(33, 'LMCAOP', '2020-01-16', 50, 1, 'CAJA DE ACUARELAS OPACA 24', 17.12, b'1111111111111111111111111111111', 1, 3, 26, 48, 26),
(34, '500072', '2020-01-11', 50, 1, 'CAJA FUERTE', 75.21, b'1111111111111111111111111111111', 1, 3, 26, 48, 5),
(35, '40110', '2020-01-11', 50, 1, 'CANVA 30X40CM', 3, b'1111111111111111111111111111111', 1, 3, 25, 48, 17),
(36, 'LMCJS4', '2020-01-16', 50, 1, 'CARBONCILLOS JUMBO SURTIDO', 5.97, b'1111111111111111111111111111111', 1, 3, 26, 12, 26),
(37, '15153', '2020-01-16', 50, 1, 'CARTULINA CORRUGADA AZUL', 0.4, b'1111111111111111111111111111111', 1, 3, 11, 39, 17),
(38, '2345', '2020-01-22', 50, 1, 'CARTULINA FABRIANO 200G 8.5X11 AVOR', 0.15, b'1111111111111111111111111111111', 1, 3, 26, 48, 17),
(39, '50718', '2020-01-14', 50, 1, 'CARTULINA INDEX AMARILLA 25 1/2 x30', 0.15, b'1111111111111111111111111111111', 10, 3, 26, 39, 17),
(40, '50719', '2020-01-11', 50, 1, 'CARTULINA INDEX BLANCA 25.5\"X30\"', 0.19, b'1111111111111111111111111111111', 1, 3, 26, 39, 17),
(41, '50720', '2020-01-14', 50, 1, 'CARTULINA INDEX CELESTE 25 1/2 x30', 0.15, b'1111111111111111111111111111111', 10, 3, 26, 39, 17),
(42, '50721', '2020-01-14', 50, 1, 'CARTULINA INDEX ROSADA 25 1/2 x30', 0.15, b'1111111111111111111111111111111', 10, 3, 26, 39, 17),
(43, '368498', '2020-01-30', 50, 1, 'CAT CHOW FISH', 21.19, b'1111111111111111111111111111111', 4, 3, 56, 5, 25),
(44, '5173', '2020-01-29', 50, 1, 'CINTA ADHESIVA 2\" X 100 YARDAS', 0.93, b'1111111111111111111111111111111', 1, 3, 2, 43, 17),
(45, '32220740', '2020-01-17', 50, 1, 'COMBO REPISA 10X31PLG MADERA R/RIEL', 31.77, b'1111111111111111111111111111111', 1, 3, 26, 45, 11),
(46, '40400', '2020-01-17', 50, 1, 'COMIDA GATO', 23, b'1111111111111111111111111111111', 10, 3, 26, 35, 25),
(47, '14217', '2020-01-09', 50, 1, 'COMPAS 550 55 METAL', 2.26, b'1111111111111111111111111111111', 12, 3, 70, 48, 17),
(48, '11870', '2020-01-29', 50, 1, 'COMPAS STAEDLER C/ADAPTADOR 550 01', 8.74, b'1111111111111111111111111111111', 1, 3, 71, 48, 17),
(49, '11869', '2020-01-20', 50, 1, 'COMPAS STAEDTLER 550 50 SENCILLO', 3, b'1111111111111111111111111111111', 2, 3, 72, 48, 17),
(50, '11871', '2020-01-13', 50, 1, 'COMPAS STAEDTLER C/EXTENSION 550 02', 9.54, b'1111111111111111111111111111111', 1, 3, 72, 48, 17),
(51, '2766', '2020-01-13', 50, 1, 'COMPUTADORA HP ALL-IN-ONE', 398.22, b'1111111111111111111111111111111', 1, 3, 30, 48, 5),
(52, '2081044', '2020-01-09', 50, 1, 'CONO DE PAPEL ACERADO 25X200X4OZ', 35.58, b'1111111111111111111111111111111', 20, 3, 64, 16, 3),
(53, '555253', '2020-01-17', 50, 1, 'CORDON NYLON C 5/32 4MM', 0.18, b'1111111111111111111111111111111', 5, 3, 26, 49, 11),
(54, '606054', '2020-01-17', 50, 1, 'CORTINA SALA 137X213CM CHOCOLATE AMORE', 15.84, b'1111111111111111111111111111111', 4, 3, 26, 48, 11),
(55, '8314', '2020-01-16', 50, 1, 'CRAYOLAS BIC JUMBO DE 12 TRIANGULAR', 3.01, b'1111111111111111111111111111111', 2, 3, 26, 48, 17),
(56, '9677', '2020-01-11', 50, 1, 'CRAYOLAS EXTRA JUMBO TRIANGULAR', 3, b'1111111111111111111111111111111', 1, 3, 36, 35, 17),
(57, '5628', '2020-01-16', 50, 1, 'CRAYOLAS JUMBO REDONDA 12', 2.21, b'1111111111111111111111111111111', 1, 3, 16, 48, 17),
(58, '0390', '2020-01-16', 50, 1, 'CRAYOLAS PELIKAN JUMBO 12PZS BRILLA', 1.15, b'1111111111111111111111111111111', 1, 3, 26, 48, 17),
(59, '2498', '2020-01-16', 50, 1, 'CRAYOLAS STAEDTLER JUMBO 229 NC12', 2.26, b'1111111111111111111111111111111', 2, 3, 26, 48, 17),
(60, '385295', '2020-01-12', 50, 1, 'CUADERNO', 5.74, b'1111111111111111111111111111111', 1, 3, 26, 48, 25),
(61, 'LMCBOC', '2020-01-16', 50, 1, 'CUADERNO BOCETOS 8.5X11\" 110H 110G', 7.57, b'1111111111111111111111111111111', 1, 3, 26, 48, 26),
(62, '50953', '2020-01-29', 50, 1, 'CUADERNO COCIDO COPYBOOK COLOR LISO PEQUEÑO', 0.84, b'1111111111111111111111111111111', 1, 3, 14, 48, 17),
(63, '50902', '2020-01-11', 50, 1, 'CUADERNO COSIDO COLOR C-8 #3', 0.75, b'1111111111111111111111111111111', 96, 3, 14, 48, 17),
(64, '50952', '2020-01-29', 50, 1, 'CUADERNO COSIDO COLOR D/R PEQUEÑO', 0.84, b'1111111111111111111111111111111', 1, 3, 14, 48, 17),
(65, '50900', '2020-01-11', 50, 1, 'CUADERNO COSIDO COLOR RAYADO #3', 0.75, b'1111111111111111111111111111111', 384, 3, 14, 48, 17),
(66, '50951', '2020-01-09', 50, 1, 'CUADERNO COSIDO COPYBOOK COLOR CUADRO PEQUEÑO', 0.64, b'1111111111111111111111111111111', 120, 3, 14, 48, 17),
(67, '50934', '2020-01-10', 50, 1, 'CUADERNO COSIDO COPYBOOK COLOR LISO N.3', 0.75, b'1111111111111111111111111111111', 24, 3, 14, 48, 17),
(68, '50950', '2020-01-29', 50, 1, 'CUADERNO COSIDO COPYBOOK COLOR RAYA PEQUEÑO', 0.67, b'1111111111111111111111111111111', 30, 3, 14, 48, 17),
(69, '50844', '2020-01-29', 50, 1, 'CUADERNO DOBLE 4 MATERIAS', 2.42, b'1111111111111111111111111111111', 4, 3, 26, 48, 17),
(70, '50858', '2020-01-11', 50, 1, 'CUADERNO DOBLE RAYADO ESPIRAL #3', 0.66, b'1111111111111111111111111111111', 12, 3, 57, 48, 17),
(71, '50189', '2020-01-16', 50, 1, 'CUADERNO ESPIRAL 99 RAYADO', 0.57, b'1111111111111111111111111111111', 1, 3, 26, 48, 17),
(72, '50856', '2020-01-22', 50, 1, 'CUADERNO ESPIRAL QUIJOTE NO.3 RAYADO U', 0.71, b'1111111111111111111111111111111', 1, 3, 57, 48, 17),
(73, '11452', '2020-01-11', 50, 1, 'CUADERNO RAYADO ESP. POLYCOVER', 2.92, b'1111111111111111111111111111111', 6, 3, 67, 48, 17),
(74, '17340', '2020-01-17', 50, 1, 'DESODORANTE', 6.45, b'1111111111111111111111111111111', 1, 3, 26, 48, 25),
(75, '15179', '2020-01-16', 50, 1, 'DIAMANTINA BAMBARY FRASCO 100G NEON C', 1.59, b'1111111111111111111111111111111', 1, 3, 11, 48, 17),
(76, '15170', '2020-01-29', 50, 1, 'DIAMNTINA BAMBARY FRASCO 100G VIOLE', 1.59, b'1111111111111111111111111111111', 1, 3, 26, 48, 17),
(77, '2373', '2020-01-29', 50, 1, 'DICCIONARIO LAROUSSE BÁSICO DE NGLÉS/ESPAÑOL', 4.95, b'1111111111111111111111111111111', 1, 3, 37, 48, 17),
(78, '0421', '2020-01-29', 50, 1, 'DICCIONARIO LAROUSSE SINONI Y ANTO', 4.05, b'1111111111111111111111111111111', 1, 3, 26, 48, 17),
(79, '349320', '2020-01-17', 50, 1, 'DOG CHOW LATA', 15.48, b'1111111111111111111111111111111', 12, 3, 56, 22, 25),
(80, '1G-90-38NT', '2020-01-07', 50, 1, 'ENV. DE 3.68 L CILINDRICO 90G', 0.32, b'1111111111111111111111111111111', 48, 3, 61, 48, 20),
(81, '446814', '2020-01-17', 50, 1, 'ESCALERA', 132.73, b'1111111111111111111111111111111', 2, 3, 26, 48, 25),
(82, '2648140', '2020-01-17', 50, 1, 'ESCUADRA FIJA 12 PLG ANOD/NEGRO', 5.75, b'1111111111111111111111111111111', 4, 3, 26, 38, 11),
(83, '15662', '2020-03-13', 50, 1, 'ESCUADRA MAPED SEMI PROFESIONAL 30CM', 3.64, b'1111111111111111111111111111111', 1, 3, 40, 44, 17),
(84, '0889', '2020-01-20', 50, 1, 'ESCUADRA ROTRING 32CM 45|', 5.24, b'1111111111111111111111111111111', 1, 3, 60, 48, 17),
(85, '616956', '2020-01-17', 50, 1, 'ESCUADRA SOPORTE CHOCOLATE 5X6PLG', 1.11, b'1111111111111111111111111111111', 4, 3, 26, 48, 11),
(86, '0224019', '2020-01-19', 50, 1, 'ESMALTE NEGRO FAST DRY', 8.76, b'1111111111111111111111111111111', 1, 3, 26, 2, 10),
(87, '441995', '2020-01-13', 50, 1, 'ESTANTE', 78.75, b'1111111111111111111111111111111', 2, 3, 26, 48, 5),
(88, '14345', '2020-01-29', 50, 1, 'ESTUCHE DE GEOMETRIA STAEDLER TRANSPARENTE', 0.53, b'1111111111111111111111111111111', 1, 3, 71, 31, 17),
(89, '0354', '2020-01-29', 50, 1, 'ESTUCHE DE PLUMONES PELIKAN TWIST 12', 1.24, b'1111111111111111111111111111111', 1, 3, 51, 23, 17),
(90, '10534', '2020-01-11', 50, 1, 'ESTUCHE DE PLUMONES TRIANGULAR JUMBO', 2.7, b'1111111111111111111111111111111', 5, 3, 78, 48, 17),
(91, '15479', '2020-01-29', 50, 1, 'ESTUCHE P/LAPIZ DISCAYCA MINNIE GRAN', 2.08, b'1111111111111111111111111111111', 1, 3, 21, 48, 17),
(92, '5232', '2020-01-16', 50, 1, 'ESTUCHE P/LAPIZ TUBO DISEÑOS VARIOS', 3.19, b'1111111111111111111111111111111', 2, 3, 26, 48, 17),
(93, '10314', '2020-01-22', 50, 1, 'ESTUCHE P/LAPIZ WACKY BOX DOBLE 9014', 3.36, b'1111111111111111111111111111111', 1, 3, 79, 48, 17),
(94, '2904', '2020-01-29', 50, 1, 'ESTUCHE PARA LAPIZ BOX DOBLE 3D', 4.76, b'1111111111111111111111111111111', 1, 3, 79, 48, 17),
(95, '15482', '2020-01-11', 50, 1, 'ESTUCHE PARA LAPIZ DISCAYCA YO SOY GRA', 2.08, b'1111111111111111111111111111111', 2, 3, 21, 48, 17),
(96, '8546', '2020-01-11', 50, 1, 'ESTUCHE PARA LAPIZ WACKY BOX SABLON BAN', 3.36, b'1111111111111111111111111111111', 1, 3, 62, 48, 17),
(97, 'LMEPAC', '2020-01-16', 50, 1, 'ESTUCHE PINTURA ACRILICA 24PZ', 11.07, b'1111111111111111111111111111111', 1, 3, 26, 48, 26),
(98, '281588', '2020-01-12', 50, 1, 'FABOLOSO', 12.38, b'1111111111111111111111111111111', 2, 3, 26, 35, 25),
(99, '1200', '2020-01-22', 50, 1, 'FASTENER PLASTICO STUDMARK DE COLOR', 1.11, b'1111111111111111111111111111111', 1, 3, 74, 48, 17),
(100, 'MHFCOM', '2020-01-22', 50, 1, 'FILTROS PARA COMPRESOR', 12.39, b'1111111111111111111111111111111', 2, 3, 26, 48, 18),
(101, '0331', '2020-01-29', 50, 1, 'FLAUTA DULCE POINTER 7A105-SD-23', 1.99, b'1111111111111111111111111111111', 1, 3, 54, 48, 17),
(102, '7672', '2020-01-20', 50, 1, 'FOAMY CARTA ESCARCHA A4 BLANCO', 0.22, b'1111111111111111111111111111111', 1, 3, 26, 48, 17),
(103, '7617', '2020-01-20', 50, 1, 'FOAMY CARTA ESCARCHA A4 DORADO', 0.22, b'1111111111111111111111111111111', 1, 3, 26, 48, 17),
(104, '7673', '2020-01-29', 50, 1, 'FOAMY CARTA ESCARCHA A4 PLATEADO', 0.22, b'1111111111111111111111111111111', 1, 3, 26, 48, 17),
(105, '7612', '2020-01-20', 50, 1, 'FOAMY CARTA ESCARCHA A4 ROJO', 0.22, b'1111111111111111111111111111111', 1, 3, 26, 48, 17),
(106, '7667', '2020-01-20', 50, 1, 'FOAMY CARTA ESCARCHA A4 ROSADO INTENSO', 0.22, b'1111111111111111111111111111111', 1, 3, 26, 48, 17),
(107, '12349', '2020-01-20', 50, 1, 'FOAMY CARTA ESCARCHA A4 VERDE LIMA', 0.22, b'1111111111111111111111111111111', 1, 3, 26, 48, 17),
(108, '0136', '2020-01-16', 50, 1, 'FOAMY MOLDEABLE BARRILITO 50G', 0.97, b'1111111111111111111111111111111', 1, 3, 12, 48, 17),
(109, '8607', '2020-01-16', 50, 1, 'FOAMY P/MANUALIDADES GRIS 810', 1.11, b'1111111111111111111111111111111', 1, 3, 26, 39, 17),
(110, '10763', '2020-01-14', 50, 1, 'FOAMY P/MANUALIDADES T/C CAFÉ LATEX', 0.1, b'1111111111111111111111111111111', 3, 3, 26, 48, 17),
(111, '10771', '2020-01-14', 50, 1, 'FOAMY P/MANUALIDADES T/C ENCARNADO', 0.1, b'1111111111111111111111111111111', 3, 3, 26, 48, 17),
(112, '50210', '2020-01-29', 50, 1, 'FOCHA DE CONTROL 4X6 HORIZONTAL BLANCO', 3.19, b'1111111111111111111111111111111', 1, 3, 26, 48, 17),
(113, '1432', '2020-01-29', 50, 1, 'FOLDER T/CARTA NASSA CARTULINA GRIS', 0.09, b'1111111111111111111111111111111', 3, 3, 45, 48, 17),
(114, '4386', '2020-01-10', 50, 1, 'FOLDER T/OFICIO NASSA CARTULINA AMARILLO', 0.09, b'1111111111111111111111111111111', 50, 3, 26, 48, 17),
(115, '3048', '2020-01-10', 50, 1, 'FOLDER T/OFICIO NASSA CARTULINA CELESTE', 0.09, b'1111111111111111111111111111111', 50, 3, 26, 48, 17),
(116, '1412', '2020-01-10', 50, 1, 'FOLDER T/OFICIO NASSA CARTULINA MORADO', 0.09, b'1111111111111111111111111111111', 50, 3, 26, 48, 17),
(117, '1421', '2020-01-10', 50, 1, 'FOLDER T/OFICIO NASSA CARTULINA NARANJA', 0.09, b'1111111111111111111111111111111', 50, 3, 26, 48, 17),
(118, '1413', '2020-01-10', 50, 1, 'FOLDER T/OFICIO NASSA CARTULINA NEGRO', 0.09, b'1111111111111111111111111111111', 50, 3, 26, 48, 17),
(119, '1435', '2020-01-10', 50, 1, 'FOLDER T/OFICIO NASSA CARTULINA ROJO', 0.09, b'1111111111111111111111111111111', 50, 3, 26, 48, 17),
(120, '2613', '2020-01-10', 50, 1, 'FOLDER T/OFICIO NASSA CARTULINA ROSADO', 0.09, b'1111111111111111111111111111111', 50, 3, 26, 48, 17),
(121, '1428', '2020-01-10', 50, 1, 'FOLDER T/OFICIO NASSA CARTULINA VERDE', 0.09, b'1111111111111111111111111111111', 50, 3, 45, 48, 17),
(122, '12385', '2020-01-16', 50, 1, 'FUNDA PROTECTORA STUDMARK T/C', 0.04, b'1111111111111111111111111111111', 10, 3, 74, 48, 17),
(123, '5196', '2020-01-17', 50, 1, 'GABACHA P/PINTAR ARGELIA TRANSPARENTE', 1.33, b'1111111111111111111111111111111', 1, 3, 5, 48, 17),
(124, '12007', '2020-01-16', 50, 1, 'GABACHA PLASTICA SAMBA INFANTIL D/CA', 3.94, b'1111111111111111111111111111111', 2, 3, 63, 48, 17),
(125, '1596934', '2020-01-17', 50, 1, 'GALERIA REPISA SOPORTE P/CILINDRICA', 0.66, b'1111111111111111111111111111111', 1, 3, 26, 38, 11),
(126, '9781', '2020-01-11', 50, 1, 'GLOBO TILLY N|8 SURTIDO COLORES DE 2', 0.84, b'1111111111111111111111111111111', 1, 3, 75, 35, 17),
(127, '1172', '2020-01-10', 50, 1, 'GOMA RESISTOL 1/4 DE GALON', 4.91, b'1111111111111111111111111111111', 2, 3, 58, 48, 17),
(128, '1174', '2020-01-10', 50, 1, 'GOMA RESISTOL 1/8 DE GALON', 2.92, b'1111111111111111111111111111111', 2, 3, 26, 48, 17),
(129, 'HNELLY', '2019-12-23', 50, 1, 'HARINA DE ARROZ NELLY', 8.85, b'1111111111111111111111111111111', 16, 3, 46, 1, 24),
(130, '622781', '2020-01-13', 50, 1, 'HD CAMARA DE VIGILANCIA', 47.78, b'1111111111111111111111111111111', 1, 3, 26, 48, 5),
(131, '509102', '2020-01-21', 50, 1, 'HEPATOCAN FORTE', 21.24, b'1111111111111111111111111111111', 2, 3, 26, 14, 23),
(132, '50277', '2020-01-22', 50, 1, 'HOJAS PERFORADAS 212 CUADRIC 7MM 10', 1.09, b'1111111111111111111111111111111', 1, 3, 55, 48, 17),
(133, '50280', '2020-01-29', 50, 1, 'HOJAS PERFORADAS 212 RAYADA 100H', 1.06, b'1111111111111111111111111111111', 2, 3, 26, 29, 17),
(134, '2313C004AA', '2020-01-21', 50, 1, 'IMPRESOR MULTIFUNCIONAL G2110', 122.5, b'1111111111111111111111111111111', 1, 3, 13, 48, 27),
(135, '15264', '2020-01-11', 50, 1, 'JUEGO ESTAMBRE DE COLORES', 0.62, b'1111111111111111111111111111111', 1, 3, 54, 6, 17),
(136, '11609', '2020-01-11', 50, 1, 'JUEGO LEGO BOLSA MEDIANO 20 PZAS', 1.77, b'1111111111111111111111111111111', 1, 3, 26, 7, 17),
(137, '9672', '2020-01-16', 50, 1, 'JUEGO LOTERIA MEXICANA 20134', 1.77, b'1111111111111111111111111111111', 1, 3, 26, 48, 17),
(138, '4739', '2020-01-16', 50, 1, 'JUEGO METTA BANCOPOLY DE EL SALVADOR', 14.82, b'1111111111111111111111111111111', 1, 3, 44, 48, 17),
(139, '373417', '2020-02-24', 50, 1, 'JUGO NARANJA', 4.86, b'1111111111111111111111111111111', 1, 3, 26, 35, 25),
(140, '1391', '2020-01-29', 50, 1, 'L DICCIONARIO LAROUSSE BASICO ESCOLAR', 4.95, b'1111111111111111111111111111111', 1, 3, 37, 48, 17),
(141, '0095', '2020-01-11', 50, 1, 'LAPIZ GRADUADO 100-2B', 0.85, b'1111111111111111111111111111111', 4, 3, 72, 48, 17),
(142, '0097', '2020-01-11', 50, 1, 'LAPIZ GRADUADO 100-2H', 0.85, b'1111111111111111111111111111111', 3, 3, 72, 48, 17),
(143, '0100', '2020-01-11', 50, 1, 'LAPIZ GRADUADO 100-4B', 0.85, b'1111111111111111111111111111111', 1, 3, 72, 48, 17),
(144, '1448', '2020-01-11', 50, 1, 'LAPIZ GRADUADO 100-6B', 0.85, b'1111111111111111111111111111111', 1, 3, 72, 48, 17),
(145, 'LMLPSS', '2020-01-16', 50, 1, 'LAPIZ PASTEL SANGUINE SKETCHING', 7.88, b'1111111111111111111111111111111', 1, 3, 26, 48, 26),
(146, '1446', '2020-01-20', 50, 1, 'LAPIZ STAEDTLER GRADUADO 100-4H', 0.85, b'1111111111111111111111111111111', 1, 3, 72, 48, 17),
(147, '2459', '2020-01-20', 50, 1, 'LAPIZ STAEDTLER GRADUADO 100-F', 0.85, b'1111111111111111111111111111111', 1, 3, 72, 48, 17),
(148, '0096', '2020-01-13', 50, 1, 'LAPIZ STAEDTLER GRADUADO 100-H', 0.85, b'1111111111111111111111111111111', 6, 3, 72, 48, 17),
(149, '0094', '2020-01-16', 50, 1, 'LAPIZ STAEDTLER GRADUADO 100-HB', 0.85, b'1111111111111111111111111111111', 1, 3, 72, 48, 17),
(150, '7199', '2020-01-29', 50, 1, 'LAPIZ STAEDTLER GRAFITO AMARILLO GRUESO', 11.33, b'1111111111111111111111111111111', 14, 3, 72, 23, 17),
(151, '1478', '2020-01-11', 50, 1, 'LAPIZ TRIPLUS NORIS JUMBO', 0.66, b'1111111111111111111111111111111', 5, 3, 72, 48, 17),
(152, 'TCCAXI', '2020-01-29', 50, 1, 'LAVAPLATOS AXION 235G', 31.83, b'1111111111111111111111111111111', 1, 3, 8, 27, 24),
(153, '277487', '2020-01-12', 50, 1, 'LEJIA MAGIA BLANCA', 6.36, b'1111111111111111111111111111111', 3, 3, 39, 35, 25),
(154, 'LMLACA', '2020-01-16', 50, 1, 'LIBRETA ACUARELA CANSON', 13.27, b'1111111111111111111111111111111', 1, 3, 26, 48, 26),
(155, '50501', '2020-01-11', 50, 1, 'LIBRETA DIBUJO CARTA 51-D CON FASTENER', 0.55, b'1111111111111111111111111111111', 12, 3, 26, 48, 17),
(156, '50861', '2020-01-14', 50, 1, 'LIBRETA DIBUJO T/OFICIO 50HOJAS B-20 C/F', 0.62, b'1111111111111111111111111111111', 2, 3, 26, 48, 17),
(157, 'LMLPL4', '2020-01-16', 50, 1, 'LIBRETA PAPEL LEDGER 1/4 15X20\" 50H', 6.97, b'1111111111111111111111111111111', 1, 3, 26, 48, 26),
(158, '50517', '2020-01-22', 50, 1, 'LIBRETA TAQUIGRAFICA 150 PAG', 0.69, b'1111111111111111111111111111111', 1, 3, 26, 48, 17),
(159, '7564', '2020-01-16', 50, 1, 'LIBRO CALIGRAFÍA METODO PALMER', 1, b'1111111111111111111111111111111', 1, 3, 26, 48, 17),
(160, '6500', '2020-01-29', 50, 1, 'LIBRO COLOREAR MEGA ACTIVIDADES INGLES/ESPAÑOL', 2.27, b'1111111111111111111111111111111', 1, 3, 43, 48, 17),
(161, '7799', '2020-01-29', 50, 1, 'LIBRO DE CUENTOS CLASICOS D. CULTURALES', 1.5, b'1111111111111111111111111111111', 1, 3, 26, 48, 17),
(162, '6241', '2020-01-11', 50, 1, 'LIBRO DE CUENTOS MAGICOS N|1', 1.85, b'1111111111111111111111111111111', 1, 3, 26, 48, 17),
(163, '7485', '2020-01-11', 50, 1, 'LIBRO DE CUENTOS MAGICOS N|2', 1.85, b'1111111111111111111111111111111', 1, 3, 26, 48, 17),
(164, '3715', '2020-01-16', 50, 1, 'LIBRO DE LECTURA EL SEMBRADOR 2 WILBOT', 5.15, b'1111111111111111111111111111111', 1, 3, 26, 48, 17),
(165, '3544', '2020-01-22', 50, 1, 'LIBRO DE LECTURA SEMBRADOR 5 WILBOT', 5.45, b'1111111111111111111111111111111', 1, 3, 26, 48, 17),
(166, '7245', '2020-01-29', 50, 1, 'LIBRO DE SOPA DE LETRAS SUPER S/SUDOKU', 1.1, b'1111111111111111111111111111111', 1, 3, 26, 48, 17),
(167, '8386', '2020-01-29', 50, 1, 'LIBRO DELINEANDO FIGURAS 4', 4.95, b'1111111111111111111111111111111', 1, 3, 26, 48, 17),
(168, '4402', '2020-01-16', 50, 1, 'LIBRO MI CALIGRAFIA NACHO 2', 2.1, b'1111111111111111111111111111111', 1, 3, 26, 48, 17),
(169, '3541', '2020-01-29', 50, 1, 'LIBRO MI CALIGRAFÍA NACHO 4', 2.1, b'1111111111111111111111111111111', 1, 3, 26, 48, 17),
(170, '4939', '2020-01-14', 50, 1, 'LIBRO P/COLOREAR MEGA BOOK PARA NIÑA', 2.27, b'1111111111111111111111111111111', 1, 3, 43, 48, 17),
(171, '8874', '2020-01-16', 50, 1, 'LIBRO P/COLOREAR MEGA PARA NIÑO', 1.77, b'1111111111111111111111111111111', 1, 3, 43, 48, 17),
(172, '7792', '2020-02-29', 50, 1, 'LIBRO PARA COLOREAR BOOK 2', 2.27, b'1111111111111111111111111111111', 1, 3, 43, 48, 17),
(173, '3456', '2020-01-31', 50, 1, 'LIBRO PARA COLOREAR TRAZOS Y COLORES INGLES/ESPAÑOL', 2.27, b'1111111111111111111111111111111', 1, 3, 26, 48, 17),
(174, '8928', '2020-01-29', 50, 1, 'LIBRO SOPA DE LETRAS PLUS', 1.85, b'1111111111111111111111111111111', 2, 3, 26, 48, 17),
(175, '5338', '2020-01-31', 50, 1, 'LIJA PARA AGUA 280 USA', 0.89, b'1111111111111111111111111111111', 2, 3, 1, 39, 1),
(176, '9008552', '2020-01-17', 50, 1, 'LLAVE PORTABROCA 3/8\"-1/2\"', 6.02, b'1111111111111111111111111111111', 1, 3, 26, 48, 11),
(177, '807899', '2020-01-22', 50, 1, 'MESA 183CM LIFETIME', 51.32, b'1111111111111111111111111111111', 3, 3, 38, 48, 25),
(178, 'LMMDF', '2020-01-16', 50, 1, 'MESA DIBUJO FUTURA', 264.6, b'1111111111111111111111111111111', 1, 3, 26, 48, 26),
(179, '0294', '2020-01-14', 50, 1, 'METRO DE MADERA DECORIS', 2.88, b'1111111111111111111111111111111', 2, 3, 19, 48, 17),
(180, '13901751', '2020-01-22', 50, 1, 'MOCHILA DO DYNAMIC', 26.55, b'1111111111111111111111111111111', 1, 3, 27, 48, 15),
(181, '13901728', '2020-01-22', 50, 1, 'MOCHILA GO DYNAMIC 2', 26.55, b'1111111111111111111111111111111', 1, 3, 27, 48, 15),
(182, '860686', '2020-01-14', 50, 1, 'MORRAL ACUARELA', 33.58, b'1111111111111111111111111111111', 1, 3, 76, 48, 13),
(183, '893639', '2020-01-27', 50, 1, 'MORRAL PARA TABLET Y PC CAMBRI', 62.79, b'1111111111111111111111111111111', 2, 3, 76, 48, 13),
(184, '156158', '2020-01-15', 50, 1, 'MORRAL RAYOL', 50.4, b'1111111111111111111111111111111', 1, 3, 76, 48, 13),
(185, 'L3608T', '2020-01-09', 50, 1, 'MOTOR BALDOR 5HP 3450RPM', 884.96, b'1111111111111111111111111111111', 1, 3, 10, 48, 14),
(186, 'L3606T', '2020-01-20', 50, 1, 'MOTOR ELECTRICO 3HP 3450RPM', 605, b'1111111111111111111111111111111', 1, 3, 10, 48, 14),
(187, 'L1430T', '2020-01-20', 50, 1, 'MOTOR ELECTRICO 5HP 230V 1725RPM 60HZ', 510.62, b'1111111111111111111111111111111', 1, 3, 10, 48, 14),
(188, '77253', '2020-01-31', 50, 1, 'NEXGARD G', 23.52, b'1111111111111111111111111111111', 1, 3, 47, 46, 12),
(189, '77254', '2020-01-31', 50, 1, 'NEXGARD KG', 26.43, b'1111111111111111111111111111111', 1, 3, 47, 46, 12),
(190, '77252', '2020-01-31', 50, 1, 'NEXGARD M', 21.31, b'1111111111111111111111111111111', 1, 3, 47, 46, 12),
(191, '3954', '2020-01-11', 50, 1, 'PALITOS DE PALETA COLOR JUMBO 60 UN', 1.37, b'1111111111111111111111111111111', 1, 3, 26, 19, 17),
(192, '788983', '2020-01-17', 50, 1, 'PANTALON', 19.46, b'1111111111111111111111111111111', 1, 3, 26, 48, 25),
(193, '3229', '2020-01-10', 50, 1, 'PAPEL BOND COLOR PCP 26X34 AMARILLO', 0.22, b'1111111111111111111111111111111', 5, 3, 26, 48, 17),
(194, '5617', '2020-01-10', 50, 1, 'PAPEL BOND COLOR PCP 26X34 AZUL', 0.22, b'1111111111111111111111111111111', 5, 3, 26, 48, 17),
(195, '6972', '2020-01-10', 50, 1, 'PAPEL BOND COLOR PCP 26X34 BLUE', 0.22, b'1111111111111111111111111111111', 5, 3, 26, 48, 17),
(196, '2857', '2020-01-10', 50, 1, 'PAPEL BOND COLOR PCP 26X34 FUCSIA', 0.22, b'1111111111111111111111111111111', 5, 3, 26, 48, 17),
(197, '3038', '2020-01-10', 50, 1, 'PAPEL BOND COLOR PCP 26X34 GOLD', 0.22, b'1111111111111111111111111111111', 5, 3, 26, 48, 17),
(198, '5516', '2020-01-10', 50, 1, 'PAPEL BOND COLOR PCP 26X34 LILA', 0.22, b'1111111111111111111111111111111', 5, 3, 26, 48, 17),
(199, '4377', '2020-01-10', 50, 1, 'PAPEL BOND COLOR PCP 26X34 NARANJA', 0.22, b'1111111111111111111111111111111', 5, 3, 26, 48, 17),
(200, '2861', '2020-01-10', 50, 1, 'PAPEL BOND COLOR PCP 26X34 RED', 0.22, b'1111111111111111111111111111111', 5, 3, 26, 39, 17),
(201, '7837', '2020-01-10', 50, 1, 'PAPEL BOND COLOR PCP 26X34 ROSA', 0.22, b'1111111111111111111111111111111', 5, 3, 26, 48, 17),
(202, '3043', '2020-01-10', 50, 1, 'PAPEL BOND COLOR PCP 26X34 VERDE', 0.22, b'1111111111111111111111111111111', 5, 3, 26, 39, 17),
(203, '11182', '2020-01-24', 50, 1, 'PAPEL BOND75G BCO 30X40XP', 0.58, b'1111111111111111111111111111111', 5, 3, 26, 39, 17),
(204, '3059', '2020-01-16', 50, 1, 'PAPEL CARBON KORES NEGRO T/C', 3.27, b'1111111111111111111111111111111', 1, 3, 26, 48, 17),
(205, '3177', '2020-01-31', 50, 1, 'PAPEL DE REGALO INFANTIL LICENC', 0.15, b'1111111111111111111111111111111', 1, 3, 26, 39, 17),
(206, '1355', '2020-01-16', 50, 1, 'PAPEL LUSTRE D. MORADO', 0.13, b'1111111111111111111111111111111', 1, 3, 26, 39, 17),
(207, '1353', '2020-01-20', 50, 1, 'PAPEL LUSTRE D. MORADO LILA', 0.16, b'1111111111111111111111111111111', 1, 3, 26, 39, 17),
(208, '1352', '2020-01-06', 50, 1, 'PAPEL LUSTRE D. NARANJA', 0.16, b'1111111111111111111111111111111', 1, 3, 26, 39, 17),
(209, '1349', '2020-01-06', 50, 1, 'PAPEL LUSTRE D. ROSA PALIDO', 0.16, b'1111111111111111111111111111111', 1, 3, 26, 39, 17),
(210, '5502', '2020-01-16', 50, 1, 'PAPEL LUSTRE D. TURQUEZA', 0.13, b'1111111111111111111111111111111', 1, 3, 53, 48, 17),
(211, '5501', '2020-01-11', 50, 1, 'PAPEL LUSTRE D. VERDE BRILLAR', 0.16, b'1111111111111111111111111111111', 1, 3, 26, 39, 17),
(212, '9297', '2020-01-13', 50, 1, 'PAPEL METALICO GOFRADO MORADO', 0.34, b'1111111111111111111111111111111', 2, 3, 26, 39, 17),
(213, '9300', '2020-01-13', 50, 1, 'PAPEL METALICO GOFRADO ROJO', 0.34, b'1111111111111111111111111111111', 2, 3, 26, 39, 17),
(214, '9295', '2020-01-13', 50, 1, 'PAPEL METALICO GOFRADO VERDE', 0.34, b'1111111111111111111111111111111', 2, 3, 26, 39, 17),
(215, '7843', '2020-01-14', 50, 1, 'PAPEL METALIZADO DORADO', 0.29, b'1111111111111111111111111111111', 2, 3, 26, 39, 17),
(216, 'PFCPTI', '2020-01-31', 50, 1, 'PAPEL TOALLA INTERFOLIADO', 30, b'1111111111111111111111111111111', 34, 3, 35, 25, 19),
(217, '30120343', '2020-01-31', 50, 1, 'PAPEL TOALLA INTERFOLIADO 18X125 HOJAS', 28.88, b'1111111111111111111111111111111', 3, 3, 35, 24, 21),
(218, '4-32009', '2020-01-11', 50, 1, 'PEGA COLA BLANCA 4TO MASTER', 1.95, b'1111111111111111111111111111111', 24, 3, 41, 2, 28),
(219, '1-32010', '2020-01-11', 50, 1, 'PEGA COLA BLANCA 8VO MASTER', 1.28, b'1111111111111111111111111111111', 24, 3, 41, 3, 28),
(220, '11882', '2020-01-20', 50, 1, 'PIATOLA PARA ADHESIVO STANLEY', 34.51, b'1111111111111111111111111111111', 1, 3, 73, 48, 1),
(221, '366187', '2020-01-21', 50, 1, 'PIMOCARD 5', 31.86, b'1111111111111111111111111111111', 2, 3, 26, 8, 23),
(222, '40091', '2020-01-29', 50, 1, 'PINCEL FOSKA REDONDO DE CERDA 1', 0.28, b'1111111111111111111111111111111', 1, 3, 24, 48, 17),
(223, '40100', '2020-01-16', 50, 1, 'PINCEL FOSKA REDONDO DE CERDA 10', 1, b'1111111111111111111111111111111', 2, 3, 25, 48, 17),
(224, '40101', '2020-01-16', 50, 1, 'PINCEL FOSKA REDONDO DE CERDA 11', 0.72, b'1111111111111111111111111111111', 1, 3, 25, 48, 17),
(225, '40092', '2020-01-14', 50, 1, 'PINCEL FOSKA REDONDO DE CERDA 2', 0.35, b'1111111111111111111111111111111', 1, 3, 25, 48, 17),
(226, '40093', '2020-01-14', 50, 1, 'PINCEL FOSKA REDONDO DE CERDA 3', 0.39, b'1111111111111111111111111111111', 1, 3, 25, 48, 17),
(227, '40094', '2020-01-13', 50, 1, 'PINCEL FOSKA REDONDO DE CERDA 4', 0.4, b'1111111111111111111111111111111', 1, 3, 25, 48, 17),
(228, '40095', '2020-01-17', 50, 1, 'PINCEL FOSKA REDONDO DE CERDA 5', 0.4, b'1111111111111111111111111111111', 1, 3, 25, 48, 17),
(229, '40096', '2020-01-29', 50, 1, 'PINCEL FOSKA REDONDO DE CERDA 6', 0.44, b'1111111111111111111111111111111', 1, 3, 25, 48, 17),
(230, '40097', '2020-01-29', 50, 1, 'PINCEL FOSKA REDONDO DE CERDA 7', 0.51, b'1111111111111111111111111111111', 1, 3, 25, 48, 17),
(231, '40098', '2020-01-14', 50, 1, 'PINCEL FOSKA REDONDO DE CERDA 8', 0.54, b'1111111111111111111111111111111', 2, 3, 25, 48, 17),
(232, '40099', '2020-01-17', 50, 1, 'PINCEL FOSKA REDONDO DE CERDA 9', 0.56, b'1111111111111111111111111111111', 1, 3, 25, 48, 17),
(233, '40104', '2020-01-11', 50, 1, 'PINCEL MANGO DE MADERA', 1.75, b'1111111111111111111111111111111', 1, 3, 25, 13, 17),
(234, '0020', '2020-01-16', 50, 1, 'PINCELES POINTER AB-2020 SET DE 7', 2.04, b'1111111111111111111111111111111', 2, 3, 26, 48, 17),
(235, '8672', '2020-01-29', 50, 1, 'PINTURA ACRILICA 30ML MAGENTA', 0.89, b'1111111111111111111111111111111', 1, 3, 6, 48, 17),
(236, '5237', '2020-01-16', 50, 1, 'PINTURA ACRILICA ARTIS 30ML MORADO', 0.89, b'1111111111111111111111111111111', 1, 3, 6, 48, 17),
(237, '2472', '2020-01-11', 50, 1, 'PINTURA DE DEDO 6 COLORES', 2.04, b'1111111111111111111111111111111', 24, 3, 6, 48, 17),
(238, '1602570', '2020-01-17', 50, 1, 'PINTURA EXCELL LATEX AMARILLO ALBARICOQUE', 118.58, b'1111111111111111111111111111111', 1, 3, 68, 30, 11),
(239, '1107370', '2020-01-17', 50, 1, 'PINTURA EXCELLO LATEX BLANCO DOVER', 118.58, b'1111111111111111111111111111111', 1, 3, 68, 30, 11),
(240, '12588870', '2020-01-17', 50, 1, 'PINTURA PARA PIZARRA VERDE EXCELLO', 22.14, b'1111111111111111111111111111111', 3, 3, 68, 2, 11),
(241, '32203070', '2020-01-17', 50, 1, 'PINTURA SPRAY DAP/TOUCH TONE ALMENDRA', 2.12, b'1111111111111111111111111111111', 1, 3, 77, 34, 11),
(242, '32204170', '2020-01-17', 50, 1, 'PINTURA SPRAY DAP/TOUCH TONE ALUMINIO', 2.12, b'1111111111111111111111111111111', 2, 3, 77, 34, 11),
(243, '32206670', '2020-01-17', 50, 1, 'PINTURA SPRAY DAP/TOUCH TONE NEGRO BRILLO', 2.12, b'1111111111111111111111111111111', 2, 3, 77, 34, 11),
(244, '1109370', '2020-01-17', 50, 1, 'PINURA EXCELLO LATEX BLANCO DOVER', 27.35, b'1111111111111111111111111111111', 1, 3, 68, 33, 11),
(245, '0256035', '2020-01-19', 50, 1, 'PISTOLA CALAFATEADORA ESQUELETEO', 3.63, b'1111111111111111111111111111111', 1, 3, 26, 48, 10),
(246, '10107', '2020-01-16', 50, 1, 'PLANTILLA DE LETRAS POINTER SET 4 ME', 2.27, b'1111111111111111111111111111111', 1, 3, 54, 48, 17),
(247, '00085', '2020-01-19', 50, 1, 'PLASTICO PARA FORRAR CUADERNO 0.06MM', 0.2, b'1111111111111111111111111111111', 150, 3, 18, 49, 2),
(248, '2698', '2020-01-09', 50, 1, 'PLASTILINA 10 BARRITAS', 0.4, b'1111111111111111111111111111111', 12, 3, 9, 48, 17),
(249, '10909', '2020-01-11', 50, 1, 'PLASTILINA PLAY DOH 30OZ', 1.46, b'1111111111111111111111111111111', 2, 3, 52, 47, 17),
(250, 'NLPPD6', '2019-12-16', 50, 1, 'PLATO PLASTICO DESECHABLE # 6', 0.22, b'1111111111111111111111111111111', 60, 3, 26, 36, 16),
(251, 'NLPPD9', '2019-12-16', 50, 1, 'PLATO PLASTICO DESECHABLE # 9', 0.35, b'1111111111111111111111111111111', 60, 3, 26, 36, 16),
(252, '7952', '2020-01-29', 50, 1, 'PLIEGO DE PAPEL REGALO INFANTIL', 0.15, b'1111111111111111111111111111111', 1, 3, 26, 39, 17),
(253, '2882', '2020-01-29', 50, 1, 'PLIEGO PAPEL FANTASIA COLORES', 0.13, b'1111111111111111111111111111111', 2, 3, 26, 39, 17),
(254, '50739', '2020-02-29', 50, 1, 'PLIEGO PAPEL KRAFT B-60 30X40', 0.08, b'1111111111111111111111111111111', 1, 3, 26, 39, 17),
(255, '2389', '2020-01-13', 50, 1, 'PLUMON ARTLINE EK-90 AMARILLO', 0.8, b'1111111111111111111111111111111', 2, 3, 7, 48, 17),
(256, '2387', '2020-01-13', 50, 1, 'PLUMON ARTLINE EK-90 CELESTE', 0.8, b'1111111111111111111111111111111', 2, 3, 7, 48, 17),
(257, '2391', '2020-01-29', 50, 1, 'PLUMON ARTLINE EK-90 NARANJA', 0.62, b'1111111111111111111111111111111', 6, 3, 7, 48, 17),
(258, '2390', '2020-01-29', 50, 1, 'PLUMON ARTLINE EK-90 PURPURA', 0.62, b'1111111111111111111111111111111', 6, 3, 7, 48, 17),
(259, '2388', '2020-01-13', 50, 1, 'PLUMON ARTLINE EK-90 ROSADO', 0.8, b'1111111111111111111111111111111', 2, 3, 7, 48, 17),
(260, '0708', '2020-01-14', 50, 1, 'PLUMON ARTLINE EK-90 VERDE', 0.62, b'1111111111111111111111111111111', 1, 3, 7, 48, 17),
(261, '6898', '2020-01-14', 50, 1, 'PLUMON ARTLINE P/PIZARRA 509 CAFÉ', 0.89, b'1111111111111111111111111111111', 1, 3, 7, 48, 17),
(262, '08003801', '2020-01-22', 50, 1, 'PORTALAPIZ BALLON', 4.34, b'1111111111111111111111111111111', 1, 3, 27, 48, 15),
(263, 'LMP14B', '2020-01-16', 50, 1, 'PORTALEDGER 1/4 BARNIZADO', 0.88, b'1111111111111111111111111111111', 1, 3, 26, 48, 26),
(264, 'LMP18B', '2020-01-16', 50, 1, 'PORTALEDGER 178 BARNIZADO', 0.58, b'1111111111111111111111111111111', 1, 3, 26, 48, 26),
(265, '633416', '2020-01-17', 50, 1, 'PROMO SW CENTRO DE ENTRETENIMIENTO 140X120X40CM', 70.75, b'1111111111111111111111111111111', 1, 3, 26, 48, 11),
(266, 'DSRTPA', '2020-01-21', 50, 1, 'REGLA T PARALEX DE 24\"', 14.6, b'1111111111111111111111111111111', 1, 3, 50, 48, 7),
(267, '543732', '2020-01-17', 50, 1, 'REPISA MELAMINA CURVA 60X30CM', 38.58, b'1111111111111111111111111111111', 4, 3, 81, 48, 11),
(268, '601878', '2020-01-17', 50, 1, 'REPISA MELAMINA ESQUINERA 30X30CM WENGUE', 20.35, b'1111111111111111111111111111111', 2, 3, 81, 48, 11),
(269, '50849', '2020-01-10', 50, 1, 'RESMA CARTA ARCOIRIS B-20 COLORES 500', 6.9, b'1111111111111111111111111111111', 10, 3, 4, 41, 17),
(270, '0111', '2020-01-22', 50, 1, 'RESMA T/CARTA', 2.47, b'1111111111111111111111111111111', 50, 3, 28, 42, 6),
(271, '0112', '2020-01-22', 50, 1, 'RESMA T/OFICIO', 2.98, b'1111111111111111111111111111111', 150, 3, 28, 42, 6),
(272, '8079', '2020-01-13', 50, 1, 'SACAPUNTA ARTLINE TAPON COLORES', 1.59, b'1111111111111111111111111111111', 5, 3, 7, 48, 17),
(273, '1621', '2020-01-29', 50, 1, 'SACAPUNTA MAPED CROC CROC COPYBOOK', 1.19, b'1111111111111111111111111111111', 3, 3, 40, 48, 17),
(274, '712307', '2020-01-29', 50, 1, 'SCIENCE KITTEN DEVELOPMENT 3.5LB', 16.46, b'1111111111111111111111111111111', 6, 3, 65, 48, 23),
(275, 'IMSHMA', '2020-01-31', 50, 1, 'SELLO DE HULE EN MADERA', 7.08, b'1111111111111111111111111111111', 2, 3, 26, 48, 9),
(276, '15023', '2020-01-13', 50, 1, 'SEPARADORES STUDMARK 5 DIVISIONES CI', 0.71, b'1111111111111111111111111111111', 1, 3, 74, 48, 17),
(277, '30213147', '2019-12-23', 50, 1, 'SERVILLETA SCOTT EXPRESS 6.5 INST', 12.3, b'1111111111111111111111111111111', 3, 3, 66, 32, 21),
(278, 'LMS4PI', '2020-01-16', 50, 1, 'SET DE 4 PINCELES (2,4,6,8)', 5.75, b'1111111111111111111111111111111', 1, 3, 26, 48, 26),
(279, 'LMS4PR', '2020-01-16', 50, 1, 'SET DE 4 PINCELES ROSE GOLD SABLE', 6.54, b'1111111111111111111111111111111', 1, 3, 26, 48, 26),
(280, 'LMSP8G', '2020-01-16', 50, 1, 'SET DE PLUMILLAS 8 GRADUACIONES', 13.94, b'1111111111111111111111111111111', 1, 3, 26, 48, 26),
(281, 'LMSMLU', '2020-01-16', 50, 1, 'SET MARS LUMOGRAPH 20L', 18.72, b'1111111111111111111111111111111', 1, 3, 26, 48, 26),
(282, 'LMSPAC', '2020-01-16', 50, 1, 'SET PINCELES DE ACUARELA', 3.9, b'1111111111111111111111111111111', 1, 3, 15, 9, 26),
(283, '3263', '2020-01-13', 50, 1, 'SET TUCAN PUNZON CUCHILLA REPUJADO', 3.41, b'1111111111111111111111111111111', 1, 3, 78, 48, 17),
(284, '10589', '2020-01-16', 50, 1, 'SILABARIO ILUSTRADO PAPEL BOND', 1.83, b'1111111111111111111111111111111', 2, 3, 26, 48, 17),
(285, '23696', '2020-01-19', 50, 1, 'SILICON DELGADO X 12\"', 5.97, b'1111111111111111111111111111111', 75, 3, 26, 15, 2),
(286, '0240042', '2020-01-19', 50, 1, 'SILICON INDUSTRIAL BLANCO', 4.07, b'1111111111111111111111111111111', 2, 3, 26, 48, 10),
(287, '12214', '2020-01-11', 50, 1, 'SOBRE STANDARD CORDEL VERT', 0.8, b'1111111111111111111111111111111', 1, 3, 74, 48, 17),
(288, '7955574', '2020-01-17', 50, 1, 'SOLVENTE MINERAL R1K4', 2.17, b'1111111111111111111111111111111', 1, 3, 26, 20, 11),
(289, '0995', '2020-01-11', 50, 1, 'STICKER BLOCK CON 214 MAGIC GIRL', 0.84, b'1111111111111111111111111111111', 1, 3, 26, 35, 17),
(290, '8218', '2020-01-29', 50, 1, 'STICKERS DIPACK BLOCK ABECEDARIO', 1.13, b'1111111111111111111111111111111', 1, 3, 26, 48, 17),
(291, '1852216', '2020-01-19', 50, 1, 'T MADERA 9X1 1/4', 0.18, b'1111111111111111111111111111111', 4, 3, 26, 48, 10),
(292, '5529', '2020-01-13', 50, 1, 'TABLA DE DIBUJO A3', 28.76, b'1111111111111111111111111111111', 1, 3, 29, 48, 17),
(293, '3970', '2020-01-09', 50, 1, 'TABLA PERIODICA GRANDE OFFSET', 0.45, b'1111111111111111111111111111111', 12, 3, 48, 48, 17),
(294, '50118', '2020-01-13', 50, 1, 'TABLA T/CARTA 44-PL', 2.51, b'1111111111111111111111111111111', 2, 3, 26, 48, 17),
(295, '2005049', '2020-01-19', 50, 1, 'TABLERO 18X300X3000MM', 21.9, b'1111111111111111111111111111111', 2, 3, 26, 48, 10),
(296, 'CTL4100WLK', '2020-01-17', 50, 1, 'TABLETA GRAFICA WACOM INTUOS S BLUETOOTH', 101.77, b'1111111111111111111111111111111', 1, 3, 80, 48, 29),
(297, '38-400NT A', '2020-01-07', 50, 1, 'TAPA DE SEGURIDAD AZUL R/38', 0.04, b'1111111111111111111111111111111', 48, 3, 61, 48, 20),
(298, '321-RT ROJ', '2020-01-13', 50, 1, 'TAPA ROJA PARA TARRO COD.316,320,321', 0.03, b'1111111111111111111111111111111', 600, 3, 61, 48, 25),
(299, '400013', '2020-02-24', 50, 1, 'TAPETE', 14.15, b'1111111111111111111111111111111', 1, 3, 26, 48, 25),
(300, 'TPFCOL', '2020-01-07', 50, 1, 'TARJETAS DE PRESENTACION FULL COLOR', 7.08, b'1111111111111111111111111111111', 5, 3, 26, 29, 9),
(301, '321 NATURA', '2020-01-13', 50, 1, 'TARRO 2 OZ NATURAL S/TAPA', 0.05, b'1111111111111111111111111111111', 600, 3, 61, 48, 25),
(302, '319109', '2020-02-13', 50, 1, 'TARRO LAVAPLATOS AXION', 5.83, b'1111111111111111111111111111111', 40, 3, 8, 35, 25),
(303, 'TCCTMM', '2020-01-29', 50, 1, 'TE DE MANZANILLA (CAJA DE 20 UNIDADES)', 53.72, b'1111111111111111111111111111111', 2, 3, 42, 28, 24),
(304, '* 27773', '2020-01-13', 50, 1, 'TELEFONO', 51.32, b'1111111111111111111111111111111', 1, 3, 26, 48, 5),
(305, '10078', '2020-01-16', 50, 1, 'TEMPERA CREATEX 250ML VERDE LIMA 22', 2.57, b'1111111111111111111111111111111', 1, 3, 17, 48, 17),
(306, '1860', '2020-01-11', 50, 1, 'TEMPERA JUNIOR BRILLANTE 6 COLORES', 1.06, b'1111111111111111111111111111111', 24, 3, 78, 48, 17),
(307, 'NLTGRA', '2019-12-14', 50, 1, 'TENEDORES GRANDES', 0.22, b'1111111111111111111111111111111', 80, 3, 26, 36, 16),
(308, '359556', '2020-02-24', 50, 1, 'THERAP MATR', 159.29, b'1111111111111111111111111111111', 1, 3, 26, 48, 25),
(309, '79221', '2020-01-22', 50, 1, 'TIJERA DE 9\" INCOLMA', 9.07, b'1111111111111111111111111111111', 1, 3, 32, 48, 2),
(310, '3244', '2020-01-29', 50, 1, 'TIJERA MAPED PUNTA REDONDA 464042/46', 0.5, b'1111111111111111111111111111111', 1, 3, 40, 48, 17),
(311, '8654', '2020-01-17', 50, 1, 'TIJERA STUDMARK 5\" 13CM ST-04232', 0.46, b'1111111111111111111111111111111', 1, 3, 74, 48, 17),
(312, 'STY664120', '2020-01-14', 50, 1, 'TINTA EPSON T664120-AL L200 NEGRO', 8.9, b'1111111111111111111111111111111', 2, 3, 23, 48, 4),
(313, 'DSTPEN', '2020-01-21', 50, 1, 'TINTA P/PIZARRA AZUL EDDING', 2.88, b'1111111111111111111111111111111', 1, 3, 22, 10, 7),
(314, 'DSTPEA', '2020-01-21', 50, 1, 'TINTA P/PIZARRA NEGRA EDDING', 2.88, b'1111111111111111111111111111111', 1, 3, 22, 10, 7),
(315, '12374', '2020-02-24', 50, 1, 'TOALLA MICROFIBRA (24 PACK)', 11.94, b'1111111111111111111111111111111', 1, 3, 26, 18, 25),
(316, 'HPLCF411A', '2020-01-14', 50, 1, 'TONER HP CF411A CYAN LJM177', 104.7, b'1111111111111111111111111111111', 1, 3, 30, 48, 4),
(317, 'HPLCE505A', '2020-01-29', 50, 1, 'TONER HP NEGRO CE-505A P20/35/2055 2.3K', 80.88, b'1111111111111111111111111111111', 1, 3, 30, 48, 4),
(318, '942809', '2020-01-17', 50, 1, 'TORNILLO LAMINA B 8X1 PLG D', 0.03, b'1111111111111111111111111111111', 12, 3, 26, 48, 11),
(319, 'NLVDD8', '2019-12-16', 50, 1, 'VASO DESECHABLE DE DURAPAS 8', 0.37, b'1111111111111111111111111111111', 80, 3, 20, 36, 16),
(320, '202010003', '2020-01-15', 50, 1, 'VITAENGORDE INICIO', 25.42, b'1111111111111111111111111111111', 1, 3, 26, 40, 8),
(321, '202010007', '2020-01-15', 50, 1, 'VITAPORTURA IMPULSOR', 19.6, b'1111111111111111111111111111111', 4, 3, 26, 40, 8),
(322, '6227', '2020-01-11', 50, 1, 'YESO JOVI COMPRIMIDO COLOR', 1.02, b'1111111111111111111111111111111', 1, 3, 33, 21, 17),
(323, '1930', '2020-01-11', 50, 1, 'YESO PASTEL 241 NC25', 2.96, b'1111111111111111111111111111111', 1, 3, 72, 26, 17),
(324, '361738', '2020-01-12', 50, 1, 'ZAPATO ESCOLAR', 19.46, b'1111111111111111111111111111111', 1, 3, 26, 38, 25);

--
-- Triggers `productos`
--
DELIMITER $$
CREATE TRIGGER `facturastatus` AFTER UPDATE ON `productos` FOR EACH ROW BEGIN
DECLARE fid int;
set fid = (select f.id as fid from facturacion f inner join cotizacion c on c.id=f.cotizacion_id inner join carrito_items ci on ci.cotizacionid_id=c.id where f.status=3 and ci.status=true and ci.productos_idp=old.idp  group by ci.productos_idp);

IF fid>0 and old.stock<=0
THEN
UPDATE facturacion SET STATUS=2 WHERE id=fid;
END IF;
END
$$
DELIMITER ;

-- --------------------------------------------------------

--
-- Table structure for table `proveedor`
--

CREATE TABLE `proveedor` (
  `id` bigint(20) NOT NULL,
  `codigop` varchar(20) COLLATE utf8_spanish_ci DEFAULT NULL,
  `direccion` varchar(80) COLLATE utf8_spanish_ci DEFAULT NULL,
  `email` varchar(40) COLLATE utf8_spanish_ci DEFAULT NULL,
  `nit` varchar(15) COLLATE utf8_spanish_ci DEFAULT NULL,
  `nombre` varchar(80) COLLATE utf8_spanish_ci DEFAULT NULL,
  `razonsocial` varchar(40) COLLATE utf8_spanish_ci DEFAULT NULL,
  `telefono` varchar(8) COLLATE utf8_spanish_ci DEFAULT NULL,
  `giro_id` bigint(20) DEFAULT NULL
) ENGINE=InnoDB DEFAULT CHARSET=utf8 COLLATE=utf8_spanish_ci;

--
-- Dumping data for table `proveedor`
--

INSERT INTO `proveedor` (`id`, `codigop`, `direccion`, `email`, `nit`, `nombre`, `razonsocial`, `telefono`, `giro_id`) VALUES
(1, 'VIDRI', 'Urbanización Lorem ipsum, 124', 'correoexample@correoexample.gov', '34415806', 'ALMACENES VIDRÍ SA DE CV', NULL, '71691624', 1),
(2, 'COPLAS', 'Pasadizo Lorem, 203B 3ºH', 'correoexample@correoexample.eu', '34155796', 'COMERCIAL DE PLASTICOS SA DE CV', NULL, '88876870', 1),
(3, 'COMERS', 'Calle Lorem ipsum dolor, 122', 'correoexample@correoexample.eu', '37257758', 'COMERSAL SA DE CV', NULL, '66022783', 1),
(4, 'DATAPR', 'Calle Lorem ipsum dolor sit, 12B 11ºH', 'correoexample@correoexample.es', '34606327', 'DATAPRINT DE EL SALVADOR SA DE CV', NULL, '61924829', 1),
(5, 'DATAPR', 'Alameda Lorem, 246 18ºB', 'correoexample@correoexample.net', '37412520', 'DESCONOCIDO', NULL, '75025257', 1),
(6, 'DICRU', 'Travesía Lorem, 279', 'correoexample@correoexample.eu', '37868634', 'DICRU SA DE CV', NULL, '86176960', 1),
(7, 'DISEÑO', 'Urbanización Lorem ipsum, 69A 4ºD', 'correoexample@correoexample.eu', '37208590', 'DISEÑO SA DE CV', NULL, '74580991', 1),
(8, 'SURCO', 'Calle Lorem, 202 19ºE', 'correoexample@correoexample.org', '37288603', 'EL SURCO SA DE CV', NULL, '65046116', 1),
(9, 'IMPMER', 'Carrer Lorem ipsum, 185B 11ºH', 'correoexample@correoexample.net', '37894288', 'EMERITA ARELY FUENTES DE FLORES (IMPRESOS MERY)', NULL, '78475160', 1),
(10, 'EPA', 'Carrera Lorem ipsum dolor, 199A 6ºC', 'correoexample@correoexample.org', '34923619', 'FERRETERÍA EPA SA DE CV', NULL, '69887977', 1),
(11, 'FREUND', 'Pasaje Lorem ipsum dolor sit, 13', 'correoexample@correoexample.eu', '34065301', 'FREUND SA DE CV', NULL, '65472540', 1),
(12, 'FARRAR', 'Rambla Lorem ipsum, 213 20ºB', 'correoexample@correoexample.eu', '34787222', 'GRUPO \"R\" FARRAR, SA DE CV', NULL, '76765795', 1),
(13, 'TOTTO', 'Calle Lorem ipsum dolor sit, 57A 8ºF', 'correoexample@correoexample.gov', '37292554', 'IMPULSO SA DE CV (TOTTO)', NULL, '61325108', 1),
(14, 'INDUPA', 'Paseo Lorem ipsum dolor sit, 175A 19ºA', 'correoexample@correoexample.net', '37048342', 'INDUPAL SA DE CV', NULL, '63646551', 1),
(15, 'MIKEMI', 'Urbanización Lorem ipsum dolor sit, 20A', 'correoexample@correoexample.gov', '34259374', 'INDUSTRIAS MIKE MIKESA DE CV', NULL, '73783178', 1),
(16, 'NLETY', 'Plaza Lorem, 299A 15ºD', 'correoexample@correoexample.gov', '37486732', 'JOSÉ HERCULES ESCALANTE', NULL, '75880196', 1),
(17, 'IBERIC', 'Travesía Lorem ipsum dolor, 101B 12ºA', 'correoexample@correoexample.es', '37654071', 'LIBRERÍA Y PAPELERÍA LA IBERICA SA DE CV', NULL, '86943021', 1),
(18, 'MAQUIN', 'Avenida Lorem, 33A', 'correoexample@correoexample.es', '34616828', 'MAQUINAS Y HERRAMIENTAS SA DE CV', NULL, '66239775', 1),
(19, 'PURIFA', 'Pasadizo Lorem ipsum, 227B 14ºG', 'correoexample@correoexample.com', '34987862', 'MARÍA GUILLERMINA AGUILAR JOVEL (PURIFASA)', NULL, '65942776', 1),
(20, 'ROXY', 'Vía Lorem, 24B 14ºC', 'correoexample@correoexample.eu', '34337884', 'MATRICERÍA INDUSTRIAL ROXY SA DE CV', NULL, '76074030', 1),
(21, 'MERINS', 'Carrer Lorem, 81A 4ºE', 'correoexample@correoexample.es', '34387175', 'MERINSA SA DE CV', NULL, '87590341', 1),
(22, 'NUEVAS', 'Ronda Lorem, 159A 13ºD', 'correoexample@correoexample.eu', '37941608', 'NOE ALBERTO GUILLEN (NUEVA SAN SALVADOR)', NULL, '89820040', 1),
(23, 'MASCOT', 'Paseo Lorem ipsum dolor sit, 202A', 'correoexample@correoexample.com', '34582630', 'OPERACIONES LA MASCOTA SA DE CV', NULL, '85888796', 1),
(24, 'CENTRA', 'Cuesta Lorem, 133A 6ºA', 'correoexample@correoexample.net', '37127577', 'OSMIN CASTELLANOS LOPEZ (TIENDA CENTRAL)', NULL, '89563225', 1),
(25, 'PRICES', 'Rambla Lorem ipsum dolor sit, 40 3ºA', 'correoexample@correoexample.gov', '34382838', 'PRICESMART EL SALVADOR SA DE CV', NULL, '82059518', 1),
(26, 'MODERN', 'Cañada Lorem ipsum, 250A 10ºA', 'correoexample@correoexample.org', '37799946', 'RICARDO HERNÁNDEZ SA DE CV (LIBRERÍA MODERNA)', NULL, '61794395', 1),
(27, 'SISC&C', 'Glorieta Lorem, 102B', 'correoexample@correoexample.org', '34408056', 'SISTEMAS C&C SA DE CV', NULL, '77419225', 1),
(28, 'VIDUC', 'Acceso Lorem ipsum dolor sit, 242B 19ºD', 'correoexample@correoexample.net', '34132400', 'VIDUC SA DE CV', NULL, '88651533', 1),
(29, 'ZONDIG', 'Paseo Lorem ipsum, 99B 9ºA', 'correoexample@correoexample.es', '37222586', 'ZD TECNOLOGIA SA DE CV (ZONA DIGITAL)', NULL, '89278996', 1),
(30, '12-34193401', 'Carretera Puerto La Libertad Km 11', 'info@facela.com', '0123333', 'Facela', 'Grupo Fernández', '71238312', 1),
(31, '42-12396681', 'Pasaje Bustamante, No. 114, Col La Rábida,San Salvador, El Salvador, C.', 'info@mongol.com', '91238331', 'Mongol', 'Mongol Asociados', '7842 313', 1);

-- --------------------------------------------------------

--
-- Table structure for table `roles`
--

CREATE TABLE `roles` (
  `id` bigint(20) NOT NULL,
  `authority` varchar(255) COLLATE utf8_spanish_ci DEFAULT NULL,
  `user_id` bigint(20) DEFAULT NULL
) ENGINE=InnoDB DEFAULT CHARSET=utf8 COLLATE=utf8_spanish_ci;

--
-- Dumping data for table `roles`
--

INSERT INTO `roles` (`id`, `authority`, `user_id`) VALUES
(1, 'ROLE_ADMIN', 1),
(2, 'ROLE_JEFEADM', 2),
(3, 'ROLE_INV', 3),
(4, 'ROLE_FACT', 4),
(5, 'ROLE_SELLER', 5),
(6, 'ROLE_SELLER', 6);

-- --------------------------------------------------------

--
-- Table structure for table `tipo_cliente`
--

CREATE TABLE `tipo_cliente` (
  `id` bigint(20) NOT NULL,
  `nombre` varchar(255) COLLATE utf8_spanish_ci DEFAULT NULL
) ENGINE=InnoDB DEFAULT CHARSET=utf8 COLLATE=utf8_spanish_ci;

--
-- Dumping data for table `tipo_cliente`
--

INSERT INTO `tipo_cliente` (`id`, `nombre`) VALUES
(1, 'privada'),
(2, 'publica');

-- --------------------------------------------------------

--
-- Table structure for table `tipo_factura`
--

CREATE TABLE `tipo_factura` (
  `id` bigint(20) NOT NULL,
  `nombre` varchar(255) COLLATE utf8_spanish_ci DEFAULT NULL
) ENGINE=InnoDB DEFAULT CHARSET=utf8 COLLATE=utf8_spanish_ci;

--
-- Dumping data for table `tipo_factura`
--

INSERT INTO `tipo_factura` (`id`, `nombre`) VALUES
(1, 'Credito fiscal'),
(2, 'Consumidor Final'),
(3, 'Exportacion');

-- --------------------------------------------------------

--
-- Table structure for table `users`
--

CREATE TABLE `users` (
  `id` bigint(20) NOT NULL,
  `apellidos` varchar(255) COLLATE utf8_spanish_ci DEFAULT NULL,
  `correo` varchar(255) COLLATE utf8_spanish_ci DEFAULT NULL,
  `direccion` varchar(255) COLLATE utf8_spanish_ci DEFAULT NULL,
  `enabled` bit(1) DEFAULT NULL,
  `genero` varchar(255) COLLATE utf8_spanish_ci DEFAULT NULL,
  `nombre` varchar(255) COLLATE utf8_spanish_ci DEFAULT NULL,
  `password` varchar(60) COLLATE utf8_spanish_ci DEFAULT NULL,
  `telefono` int(11) NOT NULL,
  `username` varchar(255) COLLATE utf8_spanish_ci DEFAULT NULL
) ENGINE=InnoDB DEFAULT CHARSET=utf8 COLLATE=utf8_spanish_ci;

--
-- Dumping data for table `users`
--

INSERT INTO `users` (`id`, `apellidos`, `correo`, `direccion`, `enabled`, `genero`, `nombre`, `password`, `telefono`, `username`) VALUES
(1, 'Maldonado Martinez', NULL, NULL, b'1111111111111111111111111111111', NULL, 'Christopher Elias', '$2a$10$pLiT5n4R/wOZ8SyKgNvvOeRuMd07/m9QzguNQFJPfphWUB0ktQ2zS', 83208113, 'admin'),
(2, 'Hernandez', NULL, NULL, b'1111111111111111111111111111111', NULL, 'Marina', '$2a$10$pXSjZhKajePgUvQZplTkOuA6n4ee/wHaOF/UJWornHmRxhN3D0Cd6', 71208113, 'MARINA'),
(3, 'Ramos', NULL, NULL, b'1111111111111111111111111111111', NULL, 'David Tadeo', '$2a$10$fpZ3pU63UnhsJcAPopsz1.hBzYFe5ptoCXcP4UXkqwv8MBwdHV6x6', 7220853, 'TADEO'),
(4, '', NULL, NULL, b'1111111111111111111111111111111', NULL, 'Melody', '$2a$10$IBncau/R54WrXROHE/QEnObji7HOoH5TjrLQSzuJnoVsVlSF73stO', 7283113, 'MELODY'),
(5, '', NULL, NULL, b'1111111111111111111111111111111', NULL, 'Mirna', '$2a$10$ZVfuUozuJzeB7qYcxyfJXOHpBzY5LGog4oABGjXUuVAN3t/w7vxv.', 7634533, 'MIRNA'),
(6, 'Del Carmen', 'maria@gmail.com', NULL, b'1111111111111111111111111111111', NULL, 'Maria', '$2a$10$/YXRj1N49b6ENxDe9uaNLeVJud8RTyWl1s.oeZhJl5m5dGaVHO7PK', 71233, 'MARIA');

--
-- Indexes for dumped tables
--

--
-- Indexes for table `carrito_items`
--
ALTER TABLE `carrito_items`
  ADD PRIMARY KEY (`id`),
  ADD KEY `FK89f192p863y6wg8xfi5tx3bus` (`cotizacionid_id`),
  ADD KEY `FKre5uhcvjatvcdg60emttalata` (`productos_idp`);

--
-- Indexes for table `categorias`
--
ALTER TABLE `categorias`
  ADD PRIMARY KEY (`id`);

--
-- Indexes for table `categoria_giro`
--
ALTER TABLE `categoria_giro`
  ADD PRIMARY KEY (`id`);

--
-- Indexes for table `cdepago`
--
ALTER TABLE `cdepago`
  ADD PRIMARY KEY (`id`);

--
-- Indexes for table `clientes`
--
ALTER TABLE `clientes`
  ADD PRIMARY KEY (`id`),
  ADD KEY `FK40sitd3e1nmnr0g79o2yrutd3` (`giro_id`),
  ADD KEY `FKfwk5o3udlbp2485ovicsdv8i3` (`tipo_cliente_id`),
  ADD KEY `FKakrrgxif280pcafj7trafsofi` (`usuario_id`);

--
-- Indexes for table `cliente_direcciones`
--
ALTER TABLE `cliente_direcciones`
  ADD PRIMARY KEY (`id`),
  ADD KEY `FKpsr4bg70l1bgp6umt7x442ykx` (`cliente_id`),
  ADD KEY `FKn2mp3wi1yxpaqcis9ejlenmm` (`direcciones_id`);

--
-- Indexes for table `cotizacion`
--
ALTER TABLE `cotizacion`
  ADD PRIMARY KEY (`id`);

--
-- Indexes for table `descuentos`
--
ALTER TABLE `descuentos`
  ADD PRIMARY KEY (`id`),
  ADD KEY `FK7pthrorjw209hsh4pmqwnm8sv` (`producto_idp`);

--
-- Indexes for table `direcciones`
--
ALTER TABLE `direcciones`
  ADD PRIMARY KEY (`id`);

--
-- Indexes for table `facturacion`
--
ALTER TABLE `facturacion`
  ADD PRIMARY KEY (`id`),
  ADD KEY `FKei56pmhqsq68ybyneh8dkwdrq` (`a_cuentade_id`),
  ADD KEY `FKjoxobrlp6kvgcidaibjove7xk` (`cliente_id`),
  ADD KEY `FKljcxy5lgp7dhqtg0qnppsx6j9` (`condicionesdpago_id`),
  ADD KEY `FK1inhn07nr5y6fjvtt3acptuh0` (`cotizacion_id`),
  ADD KEY `FKmm2786h7nqh6mbe8dgu0wu8o` (`formadepago_id`),
  ADD KEY `FK9vo7ndlcdd8w7a4dsjvf50gtw` (`tipo_factura_id`);

--
-- Indexes for table `formadepago`
--
ALTER TABLE `formadepago`
  ADD PRIMARY KEY (`id`);

--
-- Indexes for table `giro`
--
ALTER TABLE `giro`
  ADD PRIMARY KEY (`id`),
  ADD KEY `FK5niy2brogvimps8xg9rcrlf51` (`categoriagiro_id`);

--
-- Indexes for table `inventario`
--
ALTER TABLE `inventario`
  ADD PRIMARY KEY (`inventario_id`),
  ADD KEY `FKdpl5w7uuvgs0fbuaqmawu1uj6` (`movimientos_id`),
  ADD KEY `FKip8v5bcd4175wuh9jmvbr2p6r` (`producto_idp`);

--
-- Indexes for table `marca`
--
ALTER TABLE `marca`
  ADD PRIMARY KEY (`idm`);

--
-- Indexes for table `margenes`
--
ALTER TABLE `margenes`
  ADD PRIMARY KEY (`id`);

--
-- Indexes for table `movimientos`
--
ALTER TABLE `movimientos`
  ADD PRIMARY KEY (`id`);

--
-- Indexes for table `notificaciones`
--
ALTER TABLE `notificaciones`
  ADD PRIMARY KEY (`id`);

--
-- Indexes for table `presentacion`
--
ALTER TABLE `presentacion`
  ADD PRIMARY KEY (`id`);

--
-- Indexes for table `productos`
--
ALTER TABLE `productos`
  ADD PRIMARY KEY (`idp`),
  ADD UNIQUE KEY `UK_h04wpyqwddobltuqq56cp6s05` (`codigo`),
  ADD KEY `FK2fwq10nwymfv7fumctxt9vpgb` (`categoria_id`),
  ADD KEY `FKr4tjiy6pkfmc7w5eoouj9mih7` (`marca_idm`),
  ADD KEY `FKh6r3p9tco5rfl9915icefq0el` (`presentacion_id`),
  ADD KEY `FKoqldwxfy4xfg6sia99s7akg5` (`proveedor_id`);

--
-- Indexes for table `proveedor`
--
ALTER TABLE `proveedor`
  ADD PRIMARY KEY (`id`),
  ADD KEY `FK1wc9xyxyblbhwgl6yymsslcuu` (`giro_id`);

--
-- Indexes for table `roles`
--
ALTER TABLE `roles`
  ADD PRIMARY KEY (`id`),
  ADD UNIQUE KEY `UKd982ohcm3r4m290q06w6klvjx` (`user_id`,`authority`);

--
-- Indexes for table `tipo_cliente`
--
ALTER TABLE `tipo_cliente`
  ADD PRIMARY KEY (`id`);

--
-- Indexes for table `tipo_factura`
--
ALTER TABLE `tipo_factura`
  ADD PRIMARY KEY (`id`);

--
-- Indexes for table `users`
--
ALTER TABLE `users`
  ADD PRIMARY KEY (`id`),
  ADD UNIQUE KEY `UK_r53o2ojjw4fikudfnsuuga336` (`password`),
  ADD UNIQUE KEY `UK_r43af9ap4edm43mmtq01oddj6` (`username`);

--
-- AUTO_INCREMENT for dumped tables
--

--
-- AUTO_INCREMENT for table `carrito_items`
--
ALTER TABLE `carrito_items`
  MODIFY `id` bigint(20) NOT NULL AUTO_INCREMENT, AUTO_INCREMENT=4;
--
-- AUTO_INCREMENT for table `categorias`
--
ALTER TABLE `categorias`
  MODIFY `id` bigint(20) NOT NULL AUTO_INCREMENT, AUTO_INCREMENT=4;
--
-- AUTO_INCREMENT for table `categoria_giro`
--
ALTER TABLE `categoria_giro`
  MODIFY `id` bigint(20) NOT NULL AUTO_INCREMENT, AUTO_INCREMENT=13;
--
-- AUTO_INCREMENT for table `cdepago`
--
ALTER TABLE `cdepago`
  MODIFY `id` bigint(20) NOT NULL AUTO_INCREMENT, AUTO_INCREMENT=3;
--
-- AUTO_INCREMENT for table `clientes`
--
ALTER TABLE `clientes`
  MODIFY `id` bigint(20) NOT NULL AUTO_INCREMENT, AUTO_INCREMENT=6;
--
-- AUTO_INCREMENT for table `cliente_direcciones`
--
ALTER TABLE `cliente_direcciones`
  MODIFY `id` bigint(20) NOT NULL AUTO_INCREMENT, AUTO_INCREMENT=4;
--
-- AUTO_INCREMENT for table `cotizacion`
--
ALTER TABLE `cotizacion`
  MODIFY `id` bigint(20) NOT NULL AUTO_INCREMENT, AUTO_INCREMENT=3;
--
-- AUTO_INCREMENT for table `descuentos`
--
ALTER TABLE `descuentos`
  MODIFY `id` bigint(20) NOT NULL AUTO_INCREMENT, AUTO_INCREMENT=3;
--
-- AUTO_INCREMENT for table `direcciones`
--
ALTER TABLE `direcciones`
  MODIFY `id` bigint(20) NOT NULL AUTO_INCREMENT, AUTO_INCREMENT=4;
--
-- AUTO_INCREMENT for table `facturacion`
--
ALTER TABLE `facturacion`
  MODIFY `id` bigint(20) NOT NULL AUTO_INCREMENT, AUTO_INCREMENT=3;
--
-- AUTO_INCREMENT for table `formadepago`
--
ALTER TABLE `formadepago`
  MODIFY `id` bigint(20) NOT NULL AUTO_INCREMENT, AUTO_INCREMENT=4;
--
-- AUTO_INCREMENT for table `giro`
--
ALTER TABLE `giro`
  MODIFY `id` bigint(20) NOT NULL AUTO_INCREMENT, AUTO_INCREMENT=3;
--
-- AUTO_INCREMENT for table `inventario`
--
ALTER TABLE `inventario`
  MODIFY `inventario_id` bigint(20) NOT NULL AUTO_INCREMENT, AUTO_INCREMENT=512;
--
-- AUTO_INCREMENT for table `marca`
--
ALTER TABLE `marca`
  MODIFY `idm` bigint(20) NOT NULL AUTO_INCREMENT, AUTO_INCREMENT=84;
--
-- AUTO_INCREMENT for table `margenes`
--
ALTER TABLE `margenes`
  MODIFY `id` bigint(20) NOT NULL AUTO_INCREMENT, AUTO_INCREMENT=3;
--
-- AUTO_INCREMENT for table `movimientos`
--
ALTER TABLE `movimientos`
  MODIFY `id` bigint(20) NOT NULL AUTO_INCREMENT, AUTO_INCREMENT=325;
--
-- AUTO_INCREMENT for table `notificaciones`
--
ALTER TABLE `notificaciones`
  MODIFY `id` bigint(20) NOT NULL AUTO_INCREMENT;
--
-- AUTO_INCREMENT for table `presentacion`
--
ALTER TABLE `presentacion`
  MODIFY `id` bigint(20) NOT NULL AUTO_INCREMENT, AUTO_INCREMENT=52;
--
-- AUTO_INCREMENT for table `productos`
--
ALTER TABLE `productos`
  MODIFY `idp` bigint(20) NOT NULL AUTO_INCREMENT, AUTO_INCREMENT=325;
--
-- AUTO_INCREMENT for table `proveedor`
--
ALTER TABLE `proveedor`
  MODIFY `id` bigint(20) NOT NULL AUTO_INCREMENT, AUTO_INCREMENT=32;
--
-- AUTO_INCREMENT for table `roles`
--
ALTER TABLE `roles`
  MODIFY `id` bigint(20) NOT NULL AUTO_INCREMENT, AUTO_INCREMENT=7;
--
-- AUTO_INCREMENT for table `tipo_cliente`
--
ALTER TABLE `tipo_cliente`
  MODIFY `id` bigint(20) NOT NULL AUTO_INCREMENT, AUTO_INCREMENT=3;
--
-- AUTO_INCREMENT for table `tipo_factura`
--
ALTER TABLE `tipo_factura`
  MODIFY `id` bigint(20) NOT NULL AUTO_INCREMENT, AUTO_INCREMENT=4;
--
-- AUTO_INCREMENT for table `users`
--
ALTER TABLE `users`
  MODIFY `id` bigint(20) NOT NULL AUTO_INCREMENT, AUTO_INCREMENT=7;
--
-- Constraints for dumped tables
--

--
-- Constraints for table `carrito_items`
--
ALTER TABLE `carrito_items`
  ADD CONSTRAINT `FK89f192p863y6wg8xfi5tx3bus` FOREIGN KEY (`cotizacionid_id`) REFERENCES `cotizacion` (`id`),
  ADD CONSTRAINT `FKre5uhcvjatvcdg60emttalata` FOREIGN KEY (`productos_idp`) REFERENCES `productos` (`idp`);

--
-- Constraints for table `clientes`
--
ALTER TABLE `clientes`
  ADD CONSTRAINT `FK40sitd3e1nmnr0g79o2yrutd3` FOREIGN KEY (`giro_id`) REFERENCES `giro` (`id`),
  ADD CONSTRAINT `FKakrrgxif280pcafj7trafsofi` FOREIGN KEY (`usuario_id`) REFERENCES `users` (`id`),
  ADD CONSTRAINT `FKfwk5o3udlbp2485ovicsdv8i3` FOREIGN KEY (`tipo_cliente_id`) REFERENCES `tipo_cliente` (`id`);

--
-- Constraints for table `cliente_direcciones`
--
ALTER TABLE `cliente_direcciones`
  ADD CONSTRAINT `FKn2mp3wi1yxpaqcis9ejlenmm` FOREIGN KEY (`direcciones_id`) REFERENCES `direcciones` (`id`),
  ADD CONSTRAINT `FKpsr4bg70l1bgp6umt7x442ykx` FOREIGN KEY (`cliente_id`) REFERENCES `clientes` (`id`);

--
-- Constraints for table `descuentos`
--
ALTER TABLE `descuentos`
  ADD CONSTRAINT `FK7pthrorjw209hsh4pmqwnm8sv` FOREIGN KEY (`producto_idp`) REFERENCES `productos` (`idp`);

--
-- Constraints for table `facturacion`
--
ALTER TABLE `facturacion`
  ADD CONSTRAINT `FK1inhn07nr5y6fjvtt3acptuh0` FOREIGN KEY (`cotizacion_id`) REFERENCES `cotizacion` (`id`),
  ADD CONSTRAINT `FK9vo7ndlcdd8w7a4dsjvf50gtw` FOREIGN KEY (`tipo_factura_id`) REFERENCES `tipo_factura` (`id`),
  ADD CONSTRAINT `FKei56pmhqsq68ybyneh8dkwdrq` FOREIGN KEY (`a_cuentade_id`) REFERENCES `users` (`id`),
  ADD CONSTRAINT `FKjoxobrlp6kvgcidaibjove7xk` FOREIGN KEY (`cliente_id`) REFERENCES `cliente_direcciones` (`id`),
  ADD CONSTRAINT `FKljcxy5lgp7dhqtg0qnppsx6j9` FOREIGN KEY (`condicionesdpago_id`) REFERENCES `cdepago` (`id`),
  ADD CONSTRAINT `FKmm2786h7nqh6mbe8dgu0wu8o` FOREIGN KEY (`formadepago_id`) REFERENCES `formadepago` (`id`);

--
-- Constraints for table `giro`
--
ALTER TABLE `giro`
  ADD CONSTRAINT `FK5niy2brogvimps8xg9rcrlf51` FOREIGN KEY (`categoriagiro_id`) REFERENCES `categoria_giro` (`id`);

--
-- Constraints for table `inventario`
--
ALTER TABLE `inventario`
  ADD CONSTRAINT `FKdpl5w7uuvgs0fbuaqmawu1uj6` FOREIGN KEY (`movimientos_id`) REFERENCES `movimientos` (`id`),
  ADD CONSTRAINT `FKip8v5bcd4175wuh9jmvbr2p6r` FOREIGN KEY (`producto_idp`) REFERENCES `productos` (`idp`);

--
-- Constraints for table `productos`
--
ALTER TABLE `productos`
  ADD CONSTRAINT `FK2fwq10nwymfv7fumctxt9vpgb` FOREIGN KEY (`categoria_id`) REFERENCES `categorias` (`id`),
  ADD CONSTRAINT `FKh6r3p9tco5rfl9915icefq0el` FOREIGN KEY (`presentacion_id`) REFERENCES `presentacion` (`id`),
  ADD CONSTRAINT `FKoqldwxfy4xfg6sia99s7akg5` FOREIGN KEY (`proveedor_id`) REFERENCES `proveedor` (`id`),
  ADD CONSTRAINT `FKr4tjiy6pkfmc7w5eoouj9mih7` FOREIGN KEY (`marca_idm`) REFERENCES `marca` (`idm`);

--
-- Constraints for table `proveedor`
--
ALTER TABLE `proveedor`
  ADD CONSTRAINT `FK1wc9xyxyblbhwgl6yymsslcuu` FOREIGN KEY (`giro_id`) REFERENCES `giro` (`id`);

--
-- Constraints for table `roles`
--
ALTER TABLE `roles`
  ADD CONSTRAINT `FK97mxvrajhkq19dmvboprimeg1` FOREIGN KEY (`user_id`) REFERENCES `users` (`id`);
COMMIT;

/*!40101 SET CHARACTER_SET_CLIENT=@OLD_CHARACTER_SET_CLIENT */;
/*!40101 SET CHARACTER_SET_RESULTS=@OLD_CHARACTER_SET_RESULTS */;
/*!40101 SET COLLATION_CONNECTION=@OLD_COLLATION_CONNECTION */;
